target,group,label,final_model_uses,outer_refits_selected,outer_refits,mean_drop_macro_f1,mean_drop_rare_fall_recall,sd_drop_macro_f1,sd_drop_rare_fall_recall
direct,NP1CNST,Constipation,True,18,20,0.020867487048528206,0.04802898550724637,0.01653063092781855,0.035440938448200045
direct,GROUP_FREEZING_FORM,"Freezing of gait, preceding 12 months",True,20,20,0.020604560412970326,-0.04848309178743961,0.01771705366991002,0.030605010483034753
direct,GROUP_NEUROQOL_FORM,Neuro-QoL Gaussian mobility score (8 items),True,20,20,0.018851173350829746,-0.014608695652173913,0.008292529358961475,0.026712783060324843
direct,Age,Age,True,13,20,0.013351155543422987,0.0462512077294686,0.008205093050177095,0.022767967826199692
direct,NP3TOT_COMBINED_MAX,MDS-UPDRS Part III motor total,True,13,20,0.00872908863161359,0.017043478260869566,0.008700240383763184,0.026595626686823
direct,NP1URIN,Urinary problems,True,18,20,0.00629974890702068,0.0056231884057971054,0.007796196350629571,0.02282447914998009
direct,NP1SLPD,Daytime sleepiness,True,13,20,0.006216253684634074,0.0071304347826086955,0.0037109602643044396,0.009580673600270873
direct,ANYFAMPD,Family history of PD,True,16,20,0.004444505045304799,-0.010028985507246378,0.008667846928760123,0.039475732419071985
direct,GROUP_PART_IV_FORM,MDS-UPDRS Part IV total (motor complications),True,20,20,0.002711977171522021,-0.05408695652173913,0.009538720693040166,0.05202769141519472
direct,MCATOT,MoCA total (cognition),True,13,20,0.0012411510054879875,0.0007342995169082132,0.015872309105941246,0.03847678851833996
direct,DXBRADY,Bradykinesia at diagnosis,False,7,20,0.0005697870725784515,0.0008695652173913071,0.0012740826269860238,0.0019444069369563453
direct,NP3PSTBL_COMBINED_MAX,Postural stability (MDS-UPDRS Part III),True,20,20,0.0004414047126175411,-0.003188405797101445,0.009043582346122979,0.02072615784431855
direct,DXPOSINS,Postural instability at diagnosis,False,6,20,0.0,0.0,0.0,0.0
direct,DXRIGID,Rigidity at diagnosis,False,6,20,0.0,0.0,0.0,0.0
direct,BMI,Body mass index,False,6,20,0.0,0.0,0.0,0.0
direct,DXTREMOR,Tremor at diagnosis,False,6,20,0.0,0.0,0.0,0.0
direct,DOMSIDE,Dominant side at diagnosis,False,7,20,0.0,0.0,0.0,0.0
direct,DOPTHERST,Dopaminergic therapy started,True,15,20,-0.0011549566138627989,-0.0013816425120772905,0.006203887763127039,0.011695092444507837
direct,NP1RTOT,MDS-UPDRS Part I rater total,True,18,20,-0.0013155352315898986,-0.024367149758454103,0.012958709263460853,0.03365304909809686
direct,SCAU16,Fainting in preceding six months (SCOPA-AUT),True,12,20,-0.0013526776100161251,-8.695652173912605e-05,0.005919102902920795,0.013264120576828894
direct,Years_since_PD_diagnosis,Years since PD diagnosis,True,20,20,-0.00189921616604289,-0.03845410628019323,0.01025492254943329,0.03984559981118728
direct,SCAU14,Lightheadedness on standing up (SCOPA-AUT),True,15,20,-0.0020310036628172178,-0.014009661835748793,0.005009492925683213,0.017088172744320482
direct,GDS_TOTAL,Geriatric Depression Scale total,True,13,20,-0.002324090870753543,-0.005565217391304345,0.012345128274717839,0.030515237573179546
direct,FEATPOSHYP,Symptomatic orthostatic hypotension documented,True,10,20,-0.002705634020005069,-0.012782608695652179,0.0023962157710467084,0.009709279649961218
direct,NP3GAIT_COMBINED_MAX,Gait (MDS-UPDRS Part III),True,20,20,-0.003436471065177413,-0.020280193236714976,0.012064001010969928,0.030684627429303363
direct,NHY_COMBINED_MAX,Hoehn and Yahr stage,True,20,20,-0.0054463828707117645,-0.04688888888888888,0.007965916938546787,0.02131589070233729
stage_1,GROUP_NEUROQOL_FORM,Neuro-QoL Gaussian mobility score (8 items),True,20,20,0.0041446527266163265,,0.011269800782518795,
stage_1,NP1CNST,Constipation,True,20,20,0.0018454359925506498,,0.011521899660767406,
stage_1,NP3PSTBL_COMBINED_MAX,Postural stability (MDS-UPDRS Part III),True,18,20,0.0017881584491533382,,0.00628767379331435,
stage_1,ANYFAMPD,Family history of PD,True,12,20,0.0006348364980469378,,0.00732565809768254,
stage_1,SCAU16,Fainting in preceding six months (SCOPA-AUT),True,10,20,6.208330136069808e-05,,0.003695942636946249,
stage_1,DXPOSINS,Postural instability at diagnosis,False,7,20,0.0,,0.0,
stage_1,DXRIGID,Rigidity at diagnosis,False,7,20,0.0,,0.0,
stage_1,BMI,Body mass index,False,14,20,0.0,,0.0,
stage_1,DXTREMOR,Tremor at diagnosis,False,9,20,0.0,,0.0,
stage_1,DOMSIDE,Dominant side at diagnosis,False,7,20,0.0,,0.0,
stage_1,DXBRADY,Bradykinesia at diagnosis,False,13,20,-0.0005857010263346885,,0.0014383250739446595,
stage_1,FEATPOSHYP,Symptomatic orthostatic hypotension documented,True,8,20,-0.0011982508199596122,,0.006283877019089652,
stage_1,NP3GAIT_COMBINED_MAX,Gait (MDS-UPDRS Part III),True,20,20,-0.001573629712462172,,0.008254490045869946,
stage_1,NHY_COMBINED_MAX,Hoehn and Yahr stage,True,16,20,-0.001620769364909698,,0.004220860010811,
stage_1,Age,Age,True,18,20,-0.0017160918308435067,,0.0031574338222663517,
stage_1,GROUP_FREEZING_FORM,"Freezing of gait, preceding 12 months",True,20,20,-0.002875033352086718,,0.00872627622429036,
stage_1,DOPTHERST,Dopaminergic therapy started,True,17,20,-0.0029384583643532825,,0.0043001542185780875,
stage_1,SCAU14,Lightheadedness on standing up (SCOPA-AUT),True,9,20,-0.0031988864742639777,,0.0034197435185757204,
stage_1,NP1URIN,Urinary problems,True,15,20,-0.0036442128449741132,,0.006745413973234142,
stage_1,GROUP_PART_IV_FORM,MDS-UPDRS Part IV total (motor complications),True,20,20,-0.0042051643456412525,,0.010376720329980318,
stage_1,MCATOT,MoCA total (cognition),True,16,20,-0.00429881938805271,,0.007227001417006216,
stage_1,NP1SLPD,Daytime sleepiness,True,10,20,-0.004493397451361658,,0.007198547822895727,
stage_1,Years_since_PD_diagnosis,Years since PD diagnosis,True,19,20,-0.005452512633311089,,0.00981765839995779,
stage_1,GDS_TOTAL,Geriatric Depression Scale total,True,13,20,-0.0057272242609770745,,0.006274115658153972,
stage_1,NP3TOT_COMBINED_MAX,MDS-UPDRS Part III motor total,True,15,20,-0.008689260310908846,,0.011324142915135265,
stage_1,NP1RTOT,MDS-UPDRS Part I rater total,True,19,20,-0.00935121728022719,,0.0045039957318527765,
stage_2,GROUP_FREEZING_FORM,"Freezing of gait, preceding 12 months",True,20,20,0.09865866025267403,-0.011497584541062814,0.03601696254495166,0.03687416227835299
stage_2,GROUP_PART_IV_FORM,MDS-UPDRS Part IV total (motor complications),True,20,20,0.08026320635472012,-0.021700483091787466,0.0245437930189539,0.02536941239654985
stage_2,GROUP_NEUROQOL_FORM,Neuro-QoL Gaussian mobility score (8 items),True,19,20,0.05135262000766898,-0.011439613526570058,0.023918347183902615,0.02499425591552587
stage_2,Years_since_PD_diagnosis,Years since PD diagnosis,True,19,20,0.03171291341754923,-0.01936231884057972,0.03623121737855792,0.00945666210000657
stage_2,NHY_COMBINED_MAX,Hoehn and Yahr stage,True,20,20,0.025919751161503368,-0.004850241545893745,0.03839387031272053,0.017087032324777648
stage_2,ANYFAMPD,Family history of PD,True,13,20,0.025043656610657862,-0.011642512077294711,0.04239644383649575,0.02333318330434561
stage_2,DOMSIDE,Dominant side at diagnosis,True,10,20,0.018644073768867633,0.002985507246376802,0.011397568909320635,0.019673357732159346
stage_2,NP1RTOT,MDS-UPDRS Part I rater total,False,11,20,0.009268026595922716,-0.007120772946859914,0.011666256454914892,0.017163619628039632
stage_2,SCAU14,Lightheadedness on standing up (SCOPA-AUT),True,18,20,0.007151605275331342,-0.006164251207729477,0.023600511695372122,0.0122715584035202
stage_2,FEATPOSHYP,Symptomatic orthostatic hypotension documented,True,8,20,0.006449478610136708,-0.003990338164251213,0.017208427168702793,0.006557924306556925
stage_2,NP3GAIT_COMBINED_MAX,Gait (MDS-UPDRS Part III),True,18,20,0.005378869900558021,-0.01057004830917875,0.02711775716598131,0.020384481437583722
stage_2,NP1URIN,Urinary problems,True,16,20,0.002796312135378376,-0.0008985507246376834,0.022117854121592322,0.00335906889410276
stage_2,NP3PSTBL_COMBINED_MAX,Postural stability (MDS-UPDRS Part III),True,18,20,0.0027720577186206978,-0.0062318840579710395,0.01976181014101387,0.023774104740186208
stage_2,Age,Age,False,4,20,0.0,0.0,0.0,0.0
stage_2,DXPOSINS,Postural instability at diagnosis,False,4,20,0.0,0.0,0.0,0.0
stage_2,MCATOT,MoCA total (cognition),False,4,20,0.0,0.0,0.0,0.0
stage_2,SCAU16,Fainting in preceding six months (SCOPA-AUT),False,4,20,0.0,0.0,0.0,0.0
stage_2,GDS_TOTAL,Geriatric Depression Scale total,False,10,20,0.0,0.0,0.0,0.0
stage_2,BMI,Body mass index,False,4,20,0.0,0.0,0.0,0.0
stage_2,NP1SLPD,Daytime sleepiness,False,11,20,0.0,0.0,0.0,0.0
stage_2,NP3TOT_COMBINED_MAX,MDS-UPDRS Part III motor total,False,8,20,0.0,0.0,0.0,0.0
stage_2,DXTREMOR,Tremor at diagnosis,False,5,20,0.0,0.0,0.0,0.0
stage_2,DXBRADY,Bradykinesia at diagnosis,False,6,20,0.0,0.0,0.0,0.0
stage_2,NP1CNST,Constipation,False,6,20,0.0,0.0,0.0,0.0
stage_2,DOPTHERST,Dopaminergic therapy started,True,7,20,-0.0005709117611081546,-0.0004734299516908248,0.010543306243541174,0.007416867165535023
stage_2,DXRIGID,Rigidity at diagnosis,False,5,20,-0.006110951878408346,-0.0017777777777777826,0.01366450380735109,0.003975231959999637
