path,bytes,sha256
.agents/skills/leakage-safe-feature-selection/SKILL.md,4168,4b61038dc28662d58783f02b2305274b152c2bcbe8935329521498b03efea79a
.gitignore,78,896ba966c956c41543fc6332dea5280ef678db2b79af8e37a391b49f13a8cfb7
AGENTS.md,8255,67e5de03a94f127fb3d7d98298efd123e8032fff1630efe3f1bd86dfeea82680
README.md,3855,76c561e519971d3f6636ac8119ba55ed7f8ee0328289cc022f221177eb434e6a
data/Demographics_24Aug2026.csv,1510519,03f75b835425f1d2b87d83c4c943e5e35bc8d0bc062a6843f05bad226b7fd690
data/Determination_of_Freezing_and_Falls_24Aug2026.csv,1959061,35fcf35da237bb1d26ae86136439dd9aa8ac533cb21366e9aa995e026a6629dd
data/Family_History_24Aug2026.csv,1849155,c23904d999450fa3215735e1ec5a3534db6e93cdb7e06f50efeb28b89df098f2
data/Geriatric_Depression_Scale__Short_Version__24Aug2026.csv,3040918,4d9745380eb757967df81b0398675fbcca1b020fe696aae2f89b6629ca93ecc7
data/Initiation_of_Dopaminergic_Therapy_24Aug2026.csv,811891,973b6827279c9809d18275330bf58f49964a51d6aec411b6c73a5e52fffa99f5
data/MDS-UPDRS_Part_III_24Aug2026.csv,12474543,da9720fddf3f1a421e40c415dac47c30ed50f0a967d91035a278e93a518877d2
data/MDS-UPDRS_Part_IV__Motor_Complications_24Aug2026.csv,1540864,d3c616de80a460d9e691e1faf860fce1b1c29ba947ee5d319eb2b50363a19249
data/MDS-UPDRS_Part_I_24Aug2026.csv,3643471,9878d095a9047368c9d52f3a3e538a50860afc06b7f168ade0f44054cf6c58c5
data/MDS-UPDRS_Part_I_Patient_Questionnaire_24Aug2026.csv,4381598,ead4e14e8c183ca572cea9a592e7c1150fd99054d79819138903816567bbf87c
data/Montreal_Cognitive_Assessment__MoCA__24Aug2026.csv,3857332,c07406da9195859ceaafc23958dd0de05fddc0a431dc691c5061db361373015a
data/Neuro_QoL__Lower_Extremity_Function__Mobility__-_Short_Form_24Aug2026.csv,1534669,60065bc0e5202b9dc9993e923ae177944ce10bee81c0702416d88c00544a7529
data/Other_Clinical_Features_24Aug2026.csv,5919100,18bb2ff57ca0954d389cf3f9d61a42217cb643ba19437a5e73238de94bf5cff8
data/PD_Diagnosis_History_24Aug2026.csv,267799,2f224dcb0042f0163e25be90f5506e8cc3466aa862ab04ca1f60a7997eaf120e
data/Participant_Status_24Aug2026.csv,1612173,e5e36695fe21d32e6c5f21617c3082d77c20965ca3ccd054b4ab06aaa7dadb40
data/README.md,2934,52cf8804bc8f155224eae9665aeb8d418dec3d3f71df33ba1423c7ed53375c34
data/SCOPA-AUT_24Aug2026.csv,5163149,16cae9a3fa875721e997abcb391e97cbfc6918dcfac653a14762a1fc71d9bb03
data/Vital_Signs_24Aug2026.csv,4142988,3bb6a683905de4d089fbcc1b3105ce1af5d7a1c9e02e353fb65f771fdb7b3de6
docs/current_state.md,5640,5b087d72453e1573207e4462295e805822f349c1dee3166e1c4eba9c08cb39e9
docs/decision_register.md,25740,5316c97a90176c87d56c652d79f38e12673706ba7cd53c145653688f7103c564
docs/final_run/final_aggregation_rules.md,23224,a814bb0b5641b71fe7e164020191731cb055e9f0c89f4fb0ddd7751561d2c51a
docs/final_run/final_data_cleaning.md,4322,7cc8f58eca48265ad362662fd0f5de55e5589a0562ed59ba157cfa25d43fbdc8
docs/final_run/final_evaluation_protocol.md,7466,cb89c6330e4f5a71df553384b82c597e714cea978999ec5476cf2edafd6e118d
docs/final_run/final_imputation_rules.md,11895,648be796229c7b42c7994ab83524a61f8974cc4e1e9d8a22efe40722aafed2d2
docs/final_run/final_results_report.md,24259,9ce797b10ae7b11f175b986e4ef37c53968d3204901f4b0f3d54cf4b63e0eca8
docs/final_run/final_run_plan.md,12046,96c0542bae96f50dfdbc8734ef6243890588fec3889fc7f544cd6d84faf36a85
docs/final_run/methodological_limitations.md,1818,e396b0529db418acf5da1e6edb98adefd70e8d79845c630ff5a9fbc9f68d236d
docs/research_protocol.md,30923,54bd6039612ec16e260e0eb6d40233443634678087261e09608b5f9b6e3301c6
llm_layer_handoff/clinical_feature_dictionary.csv,6503,d409b4e690fda6ad14a80c0317b28692211a0d65fe770167e8e2f0d91ca2a799
llm_layer_handoff/direct_shap_artifact.npz,1163012,ffb9313e88bec987cbb84fe9e5c58fd58b0f3acf6b71feb0caa7fb0c8c187205
llm_layer_handoff/feature_map.csv,3066,da3951018f5950810edae133311318e89b415c9bdc4303cd5e2b72aa7791c007
llm_layer_handoff/llm_layer_recommendations.md,4442,8f28f2d99da7b67e3979bfe7d4e06852f6da3fcf42577230f4d01317f3ed3c5c
llm_layer_handoff/patient_explanation_index.csv,178815,3775d5db11718d0ec84b6d4f83c119250dda36073d5cea78a0e99e5ed0ddf030
llm_layer_handoff/patient_raw_inputs.csv,162685,5a9e6018d35c489649d1af58dccd3c90311f47cab3254c358b8737197d9e10bc
llm_layer_handoff/raw_input_schema.csv,4168,b0af8ca8285eb1f6695f3d8950146be7e2564b7c5e522ca04d5ee985cc0101cb
llm_layer_handoff/shap_global_summary.csv,13431,7a052070042dca2453a17e7bd2f7ddca9feaa9b2baf5dea1c630d246a8a4667b
llm_layer_handoff/shap_handoff_manifest.json,2061,836de32471c26287240d21961e4190822f11a127d63f975e7e956cfc7a6ef89d
llm_layer_handoff/shap_summary_direct_all_classes.png,122697,69d6fc61134946f2a87f01b65112297b1761fdd10b983b32207192bcd0a1f60e
llm_layer_handoff/shap_summary_direct_no_fall.png,118163,92db130f7b5848f7de3ddddb43d49f28fb78362963c4d8ee4d2413ab505d3665
llm_layer_handoff/shap_summary_direct_rare_fall.png,125906,c6ffde16a64402e90d14160c59568327c1398692c521774e16a6caaaa9b0a12f
llm_layer_handoff/shap_summary_direct_recurrent_fall.png,123176,6a764db380c017b8510f9c1c9bd19ec7a4efaea3f12e3ca81f51b6cb46cec9ae
llm_layer_handoff/shap_summary_stage1.png,122554,8f71929946534acf80f7c0f6009c38a9cbef53c8f4ca273a92745e0f837f99dc
llm_layer_handoff/shap_summary_stage2.png,128038,2d70fa3f7eb1467b886fbd9949cdbf065cbe288c68dd7b042f64086dc869a664
llm_layer_handoff/shap_validation.csv,340,a2a1f03a8dba8344903ac05c467c88301d8fb0f020f266d965ac9099b77a6a8c
llm_layer_handoff/stage_1_shap_artifact.npz,581180,c3670944d55b26bae76a6c317ef1666c7e4a2bc7b54422d5d1f039703a9c8532
llm_layer_handoff/stage_2_shap_artifact.npz,419726,8220043d0f215de0a684fa4f8023ab91e1d3b375333e93e398494860375b8ab6
notebooks/01_data_cleaning.ipynb,93133,651594c7241782dfe99af7b2e3c554c5840fb33ce72b14e7f143c2161545f7dd
notebooks/02_patient_level_aggregation.ipynb,97324,5c51f5cc7cff8093ba88142acdbb3c42a8012536cb25d4db791ab2b4c21beda3
notebooks/03_final_input_and_split_setup.ipynb,67411,367421325704efc5d9b246ad114aed66fd925c0f265dffebd8c3a80f58f9aeb1
notebooks/04_statistical_feature_analysis.ipynb,107325,81b543e36ee532bdb590f014a1fed239e191253efd44c641f5861489ac4ad7f3
notebooks/05_feature_pipeline_screening.ipynb,157620,50b0231bc8a51a6b1b9278db40f3036d80dd8910dc2458c34405fe18b6a76153
notebooks/06_model_family_screening.ipynb,97214,6f4c857f6299ef4574cd977f5d4356c481171ed4f9e3ee410e27102c864ef926
notebooks/07_tuning_and_outer_evaluation.ipynb,215603,b75da72ed5d1cc13ea5633f59f433906c5c9e359618ef2566262931c58784084
notebooks/08_sensitivity_analyses.ipynb,174639,ebde3a14cc60ca69fb76aa2d53c0a2400dea76c63cfd27fe02773cd6fdcfc3ff
notebooks/09_full_cohort_fit.ipynb,182069,62f3519e2262fdfd7fa583077f5c3aacb3894a868778ae28448fc5c030bc32f8
notebooks/10_model_interpretation.ipynb,146192,056fe0ab9e63167eb5a2818ee0108f1a31f8c23345e538125702c1d085a9263f
notebooks/11_final_performance_summary.ipynb,71165,08877dbe9e425d96188688aabc042b7143e925b144976c8607b42c49d8233df3
notebooks/12_shap_and_llm_handoff.ipynb,68949,2fe7128cfcc1e3dbd0ff900a2eda2dd556af98b8cc2073be889b50164f2cfacc
requirements.txt,147,7a6766f6003a864192ffe142a32a2ec0a0f83dd86cb8d3a3564e564c19f00902
results/final_pipeline/02_cleaning/cleaned_visits/demographics_clean.csv,90557,a9ee3282270906bdeaf7cf1a59a2e2acc327ab59b0357c72d599135edb171471
results/final_pipeline/02_cleaning/cleaned_visits/diagnosis_history_clean.csv,92699,fec661d1bc8885419dfff5ba08894689a722409c9958df9bb95b2e3f92e7d8ba
results/final_pipeline/02_cleaning/cleaned_visits/dopamine_therapy_clean.csv,76258,eeccac87e74327069aae1086dccf79c8ee2ebe3adc6829dec033abca9c9d82b1
results/final_pipeline/02_cleaning/cleaned_visits/family_history_clean.csv,71395,23f150430a613ac0e140042c49486e76e05a021b3aa6ade15da84127289db02d
results/final_pipeline/02_cleaning/cleaned_visits/freezing_clean.csv,176186,45b3874dc32f9171a43dfa671721ddec52b2cab677930ccf2bcfa42e9598f20e
results/final_pipeline/02_cleaning/cleaned_visits/gds15_clean.csv,672267,3954c0c8ac5ba940a145601b5c50c421cc799f93bd189bd5b94cf8c2d50dd679
results/final_pipeline/02_cleaning/cleaned_visits/moca_clean.csv,294697,2be682fc62140de3c7cbba60e62c66105f459ce4a006702460a676a347d2d9c0
results/final_pipeline/02_cleaning/cleaned_visits/neuroqol_mobility_clean.csv,224226,e5e85781dc2112353b83b61e546280ca7ab4ad1c9674498546fc35f495aa0d1b
results/final_pipeline/02_cleaning/cleaned_visits/other_clinical_clean.csv,467741,06daf544049f5582257c259f11727a226362d361bae7dd0439df95454e435fa3
results/final_pipeline/02_cleaning/cleaned_visits/scopa_aut_clean.csv,357588,6f5d40a95d10d41d733b26925b97e8b42c2b8c789b9df053d2279a77bf4feb43
results/final_pipeline/02_cleaning/cleaned_visits/updrs_part_i_clean.csv,793715,f0725f8b994146cc7a3b6bbb2c32c08f77ccf1392bd5c9755a38f20cb37ffca8
results/final_pipeline/02_cleaning/cleaned_visits/updrs_part_i_patient_clean.csv,708167,0e9eac05b2ac9fd29658fc114b8437f349b067435e3a8a63b67088b3b28684bf
results/final_pipeline/02_cleaning/cleaned_visits/updrs_part_iii_clean.csv,2416173,2b8a7e2badcc80db6cfb4b51419aa9a090d50269f227f943bd442dccfbc37dd9
results/final_pipeline/02_cleaning/cleaned_visits/updrs_part_iv_clean.csv,532394,de13634c11ede60fe9a2f998aa29b43ed8b975a23b43209a8ea9572d6da56ff2
results/final_pipeline/02_cleaning/cleaned_visits/vital_signs_clean.csv,1101311,4bc2425c4f26e58b31b1996ec3e6199554077b0741d6c79b4d6111ae1324dd46
results/final_pipeline/06_final_fit_and_performance_summary/01_data_cleaning/bmi_cleaning_summary.csv,196,8ed22299126d5fc8658e6450b03565cbe9b11e0011093a4657fe2b65d943bdf6
results/final_pipeline/06_final_fit_and_performance_summary/01_data_cleaning/cleaned_table_summary.csv,418,b7078703c37530dbc2142944878ce7b56123f094adaea50c41b462f756aa0d49
results/final_pipeline/06_final_fit_and_performance_summary/01_data_cleaning/cleaned_visits/demographics_clean.csv,90557,a9ee3282270906bdeaf7cf1a59a2e2acc327ab59b0357c72d599135edb171471
results/final_pipeline/06_final_fit_and_performance_summary/01_data_cleaning/cleaned_visits/diagnosis_history_clean.csv,92699,fec661d1bc8885419dfff5ba08894689a722409c9958df9bb95b2e3f92e7d8ba
results/final_pipeline/06_final_fit_and_performance_summary/01_data_cleaning/cleaned_visits/dopamine_therapy_clean.csv,76258,eeccac87e74327069aae1086dccf79c8ee2ebe3adc6829dec033abca9c9d82b1
results/final_pipeline/06_final_fit_and_performance_summary/01_data_cleaning/cleaned_visits/family_history_clean.csv,71395,23f150430a613ac0e140042c49486e76e05a021b3aa6ade15da84127289db02d
results/final_pipeline/06_final_fit_and_performance_summary/01_data_cleaning/cleaned_visits/freezing_clean.csv,176186,45b3874dc32f9171a43dfa671721ddec52b2cab677930ccf2bcfa42e9598f20e
results/final_pipeline/06_final_fit_and_performance_summary/01_data_cleaning/cleaned_visits/gds15_clean.csv,672267,3954c0c8ac5ba940a145601b5c50c421cc799f93bd189bd5b94cf8c2d50dd679
results/final_pipeline/06_final_fit_and_performance_summary/01_data_cleaning/cleaned_visits/moca_clean.csv,294697,2be682fc62140de3c7cbba60e62c66105f459ce4a006702460a676a347d2d9c0
results/final_pipeline/06_final_fit_and_performance_summary/01_data_cleaning/cleaned_visits/neuroqol_mobility_clean.csv,224226,e5e85781dc2112353b83b61e546280ca7ab4ad1c9674498546fc35f495aa0d1b
results/final_pipeline/06_final_fit_and_performance_summary/01_data_cleaning/cleaned_visits/other_clinical_clean.csv,467741,06daf544049f5582257c259f11727a226362d361bae7dd0439df95454e435fa3
results/final_pipeline/06_final_fit_and_performance_summary/01_data_cleaning/cleaned_visits/scopa_aut_clean.csv,357588,6f5d40a95d10d41d733b26925b97e8b42c2b8c789b9df053d2279a77bf4feb43
results/final_pipeline/06_final_fit_and_performance_summary/01_data_cleaning/cleaned_visits/updrs_part_i_clean.csv,793715,f0725f8b994146cc7a3b6bbb2c32c08f77ccf1392bd5c9755a38f20cb37ffca8
results/final_pipeline/06_final_fit_and_performance_summary/01_data_cleaning/cleaned_visits/updrs_part_i_patient_clean.csv,708167,0e9eac05b2ac9fd29658fc114b8437f349b067435e3a8a63b67088b3b28684bf
results/final_pipeline/06_final_fit_and_performance_summary/01_data_cleaning/cleaned_visits/updrs_part_iii_clean.csv,2416173,2b8a7e2badcc80db6cfb4b51419aa9a090d50269f227f943bd442dccfbc37dd9
results/final_pipeline/06_final_fit_and_performance_summary/01_data_cleaning/cleaned_visits/updrs_part_iv_clean.csv,532394,de13634c11ede60fe9a2f998aa29b43ed8b975a23b43209a8ea9572d6da56ff2
results/final_pipeline/06_final_fit_and_performance_summary/01_data_cleaning/cleaned_visits/vital_signs_clean.csv,1101311,4bc2425c4f26e58b31b1996ec3e6199554077b0741d6c79b4d6111ae1324dd46
results/final_pipeline/06_final_fit_and_performance_summary/01_data_cleaning/cleaning_change_summary.csv,426,16ca14e734c396fa6d62b80fd389b58021b66ea1dd20f11f348b5db5c6d57575
results/final_pipeline/06_final_fit_and_performance_summary/01_data_cleaning/cleaning_source_contract.csv,1018,07c6536900623bf36a78e630fac663e56a199f7bead432104961608b2b4f6b17
results/final_pipeline/06_final_fit_and_performance_summary/01_data_cleaning/cleaning_temporal_flow.csv,1170,18e72223ab1f67ab38f44e43aee6302120988219d5bc320c7d65961d83e73f56
results/final_pipeline/06_final_fit_and_performance_summary/01_data_cleaning/cleaning_validation.csv,3353,f5d01d6c6eda546139bc873def2c206970fe6c44bf67ec46994dc3c437fbe726
results/final_pipeline/06_final_fit_and_performance_summary/01_data_cleaning/verified_output_comparison.csv,2369,8847dcded9792ee5787d0a56510b74e727633a0e2f797cd127fda9954ee08520
results/final_pipeline/06_final_fit_and_performance_summary/02_patient_level_aggregation/aggregation_input_summary.csv,418,f456feffcb65df6096a83bbbe29c4f6703ad525c16ae0bf267f702010994dca5
results/final_pipeline/06_final_fit_and_performance_summary/02_patient_level_aggregation/aggregation_validation.csv,1181,26e91d4905d35e8b4bd3ec93246629626fed0a6ebaac710735b0a966423450ab
results/final_pipeline/06_final_fit_and_performance_summary/02_patient_level_aggregation/cohort_coverage.csv,145,d8ab4fd86895c289bcacef92c01070cd4d28de9710cb253bd7d3d3d7c885a8e5
results/final_pipeline/06_final_fit_and_performance_summary/02_patient_level_aggregation/dataset_manifest.csv,313,eaa92d15117ec8a00ca1b0665358f092a513fad1211fbffa6e27721082764ea5
results/final_pipeline/06_final_fit_and_performance_summary/02_patient_level_aggregation/outcome_eligible_patient_spine.csv,44246,b286bcf3428e4763743a60bc047eefb7374cfc3a008efaaf2fd1370b4002bf9e
results/final_pipeline/06_final_fit_and_performance_summary/02_patient_level_aggregation/primary_1040_26_predictors.csv,158674,930b289c4d4897e00b874aa4d372ea9a1714561b760d074331daca425ee8d991
results/final_pipeline/06_final_fit_and_performance_summary/02_patient_level_aggregation/primary_1040_outcome_metadata.csv,35846,e53328e1ac116da1851a4a32a1b20154f9b6f925cc545c68f1d24506809591fa
results/final_pipeline/06_final_fit_and_performance_summary/02_patient_level_aggregation/primary_class_counts.csv,78,387eff07e299fbab6c4217423106d84e48a11f14dd2f6a5bd73f322d21f06c4b
results/final_pipeline/06_final_fit_and_performance_summary/02_patient_level_aggregation/primary_feature_coverage.csv,603,6df4ba94a64201621aa90cc19b4d43252f8220a02d670237d35f9dd776067c4f
results/final_pipeline/06_final_fit_and_performance_summary/02_patient_level_aggregation/same_month_tie_audit.csv,347,a083f69a3d47c4d513d8499339cc7d38992427871d05897f918ce641a97c48cc
results/final_pipeline/06_final_fit_and_performance_summary/02_patient_level_aggregation/sensitivity_1040_latest_constipation_predictors.csv,158674,ea4b0da8859c5499b1477315e2a32874c6711098755df7c88db5ddc9062eda06
results/final_pipeline/06_final_fit_and_performance_summary/02_patient_level_aggregation/sensitivity_1040_part_iii_101_flags_predictors.csv,171214,d271777d360e6b0fc070a96d235a898136c942b4338bfe3c85fb229e38030ffb
results/final_pipeline/06_final_fit_and_performance_summary/02_patient_level_aggregation/sensitivity_1040_part_iii_on_off_predictors.csv,169089,dc00593bd95283179a44a68099f040f38a1489f1a0add71403389635acfc5506
results/final_pipeline/06_final_fit_and_performance_summary/02_patient_level_aggregation/sensitivity_1043_26_predictors.csv,158886,4fefd74bd9a7b0170603dd71db43d9bd01a292db85aae68dfa8b8ce1791512d7
results/final_pipeline/06_final_fit_and_performance_summary/02_patient_level_aggregation/sensitivity_1043_outcome_metadata.csv,35951,913d5596f6de27d2a9a066c85b89ea0cb57fd944658f57d40e8d4cb968670e67
results/final_pipeline/06_final_fit_and_performance_summary/03_setup_and_splits/analysis_configuration.csv,448,c827a0aa2828e0250d8f3657d479f7f34abf2f7cce4bde08c07468120ef70e31
results/final_pipeline/06_final_fit_and_performance_summary/03_setup_and_splits/inner_class_balance.csv,25676,62bfe08ff6bca1162b584eb6e13fc7e06b755a5dadf372015f343a60f37c403e
results/final_pipeline/06_final_fit_and_performance_summary/03_setup_and_splits/inner_fold_assignments.csv,195382,d708986d868449cdf4462d854c5f838abd3c48b7f899308d0c62d412578f2589
results/final_pipeline/06_final_fit_and_performance_summary/03_setup_and_splits/outer_class_balance.csv,3563,35f856d1f71401f938156e15788c7a8539bdbcf2ecf63ed8089c67fe6dd02b56
results/final_pipeline/06_final_fit_and_performance_summary/03_setup_and_splits/outer_split_assignments.csv,304062,4e05a7ddc576f14c680a8e7e183d3821252b0b5f6b067f8e926371c73278ccbf
results/final_pipeline/06_final_fit_and_performance_summary/03_setup_and_splits/primary_class_distribution.csv,100,c431c9b55953cd09504ce054ccab1b4bd06fb37ad370558fe2b27b26be1d0f7c
results/final_pipeline/06_final_fit_and_performance_summary/03_setup_and_splits/primary_feature_manifest.csv,980,f507fead0ba094eb6e3da70b49c4ddb3bf1e4f306caacab5113d24deaed72ccd
results/final_pipeline/06_final_fit_and_performance_summary/03_setup_and_splits/split_validation.csv,1057,6ec8c87eae1e302406470c418e8e35edf4a67352ec6c63e21cd58494fa9a0f1e
results/final_pipeline/06_final_fit_and_performance_summary/03_setup_and_splits/target_manifest.csv,330,c62f35d13692635e28b05b269016ef3e692ec6d3b5ce87cd3a44d1bf0da0677c
results/final_pipeline/06_final_fit_and_performance_summary/04_statistical_feature_analysis/feature_statistical_summary.csv,5797,b64431c08b326f51324db9aa6217fd3ed9484296d3885306023f1f6430383495
results/final_pipeline/06_final_fit_and_performance_summary/04_statistical_feature_analysis/inner_training_feature_tests.csv,568429,a7c382c4c4aaba75e132dd0fd067127777f5e751f3490ee0eaac3f5ec4bfb8d8
results/final_pipeline/06_final_fit_and_performance_summary/04_statistical_feature_analysis/missingness_inner_training_tests.csv,333858,422b9ee1943e50807bc3f339e3b6429b763fb159f7dd4b3f2d0fc84facc603de
results/final_pipeline/06_final_fit_and_performance_summary/04_statistical_feature_analysis/missingness_statistical_stability.csv,1929,19ca7bba1f094d4a9b09c5d9fe5eb81faf5e903258e10e739ab8a68dc453b65a
results/final_pipeline/06_final_fit_and_performance_summary/04_statistical_feature_analysis/nominal_group_counts.csv,554827,528bc73f97dacecec8b2098dcaac95b863c1c00a5ebe78151556ab2f647af34f
results/final_pipeline/06_final_fit_and_performance_summary/04_statistical_feature_analysis/numeric_group_summaries.csv,684813,42c385e269e0d36f4f60d647de04eecaae3cae9afe90a7fcb9ee524d5558beed
results/final_pipeline/06_final_fit_and_performance_summary/04_statistical_feature_analysis/statistical_validation.csv,720,6b0e791f4a6beef62002dc6a0ad489a69c0e593712dee11b2b965e5cae5da007
results/final_pipeline/06_final_fit_and_performance_summary/04_statistical_feature_analysis/statistical_variable_roles.csv,1744,ee65de8132914eca181cb09cc96de7f929fd3f685e7c301c340baf16458528f2
results/final_pipeline/06_final_fit_and_performance_summary/04_statistical_feature_analysis/test_specific_stability.csv,5212,420d25910981b0f391525c97c91fddda35d5434abe0e221d2ccca2aff3402f37
results/final_pipeline/06_final_fit_and_performance_summary/05_feature_pipeline_screening/engineering_configuration_manifest.csv,1372,8c6e86025f58d0ad929927c095930212f49c85678707ddb9bedd37bf3dbbbf4b
results/final_pipeline/06_final_fit_and_performance_summary/05_feature_pipeline_screening/engineering_fold_checkpoint.csv,713416,b596b21125e070272cd5a966aa1e94e0afa347f58152305527870ca702fd8db5
results/final_pipeline/06_final_fit_and_performance_summary/05_feature_pipeline_screening/engineering_inner_fold_results.csv,713416,b596b21125e070272cd5a966aa1e94e0afa347f58152305527870ca702fd8db5
results/final_pipeline/06_final_fit_and_performance_summary/05_feature_pipeline_screening/engineering_partition_summary.csv,134341,f7b1041ab914efd0a904ed834e121888d8adf6733d48f046631606d959262224
results/final_pipeline/06_final_fit_and_performance_summary/05_feature_pipeline_screening/excluded_legacy_engineering_branches.csv,983,977f6285f33c7c4258f9bd4f4594eb3e0d9c6a7d462c874c4391131f20a18e03
results/final_pipeline/06_final_fit_and_performance_summary/05_feature_pipeline_screening/feature_pipeline_screening_validation.csv,1125,8483ad6326c277e88e0f58dfb92d133624119b9b515b0a8609ca8a594e9733ce
results/final_pipeline/06_final_fit_and_performance_summary/05_feature_pipeline_screening/retained_feature_pipelines.csv,30572,68cf8552ed45f0a09de9d21ff29b4dd7cfea8a331fd03784391c09793de0411c
results/final_pipeline/06_final_fit_and_performance_summary/05_feature_pipeline_screening/retained_pipeline_frequency.csv,2832,3086fd0bfeddac3693226fab440a42803389ae3faa46335353ce5f80e50367d5
results/final_pipeline/06_final_fit_and_performance_summary/05_feature_pipeline_screening/run_manifest.json,7045,66c3d4dad8e51470d8b76b0eedb7921cee4590192243014df602ec303c2e3b7f
results/final_pipeline/06_final_fit_and_performance_summary/05_feature_pipeline_screening/screening_candidate_pool.csv,233777,3da0cd6e5cbd08084251040f3efa38e55f30ffd27464e2bc2edd045ae674b288
results/final_pipeline/06_final_fit_and_performance_summary/05_feature_pipeline_screening/selector_configuration_manifest.csv,1061,3e10c3a7fee54da1e7dd87f721d50872c78488059f78f1bd27cd9041ab70bca7
results/final_pipeline/06_final_fit_and_performance_summary/05_feature_pipeline_screening/selector_fold_checkpoint.csv,2370214,39c9d2a39455ddc874b5bb3fa850ff875dc42e7a5636d0dee0d2270ff47c92d4
results/final_pipeline/06_final_fit_and_performance_summary/05_feature_pipeline_screening/selector_inner_fold_results.csv,2370214,39c9d2a39455ddc874b5bb3fa850ff875dc42e7a5636d0dee0d2270ff47c92d4
results/final_pipeline/06_final_fit_and_performance_summary/05_feature_pipeline_screening/selector_partition_summary.csv,100624,d016039c25daa7bc6e813c8bd00d63ce3cec2dd245d03f60de1182651cbddc5a
results/final_pipeline/06_final_fit_and_performance_summary/06_model_family_screening/dummy_benchmark_checkpoint.csv,24480,1dc39aeb393bffcbd49337d37b94b70f384de583ba63cac1d7ce19edeb8e16cf
results/final_pipeline/06_final_fit_and_performance_summary/06_model_family_screening/dummy_benchmark_inner_fold_results.csv,24480,1dc39aeb393bffcbd49337d37b94b70f384de583ba63cac1d7ce19edeb8e16cf
results/final_pipeline/06_final_fit_and_performance_summary/06_model_family_screening/dummy_benchmark_partition_summary.csv,3755,fc203da742018ba88764cfeb40044ce9d83cf12328ce4d200c15d0691b0ec617
results/final_pipeline/06_final_fit_and_performance_summary/06_model_family_screening/family_screen_checkpoint.csv,4048563,4504f2462e61b1834f6802cd5108b88d88598b9fd8b4b5995b2f15729674ccf4
results/final_pipeline/06_final_fit_and_performance_summary/06_model_family_screening/family_screen_inner_fold_results.csv,4048563,4504f2462e61b1834f6802cd5108b88d88598b9fd8b4b5995b2f15729674ccf4
results/final_pipeline/06_final_fit_and_performance_summary/06_model_family_screening/family_screen_partition_summary.csv,273778,ab3e6a61a93065bd6f464022ca1f758b606842eb111962e016ca6e085f280330
results/final_pipeline/06_final_fit_and_performance_summary/06_model_family_screening/model_family_screening_validation.csv,764,213d966ba174c09f1a2746ec1561e5ebc5d9cbe97c4cf9216c9a463afd47e857
results/final_pipeline/06_final_fit_and_performance_summary/06_model_family_screening/model_scope_manifest.csv,1346,b15d09826808c416d56ab843ddcfc3259f555160f1b4478db6ea49d272692d2c
results/final_pipeline/06_final_fit_and_performance_summary/06_model_family_screening/retained_for_focused_tuning.csv,31227,ba482979ac137c714632c4d94b14c6822366b933fd4ea9d833eb11f6d9025c8c
results/final_pipeline/06_final_fit_and_performance_summary/06_model_family_screening/retained_model_family_frequency.csv,487,95ba32f13cbe4a5269c2aeae4d6dd90bba2570c97ce82c55b27f9c69de5ed02e
results/final_pipeline/06_final_fit_and_performance_summary/06_model_family_screening/run_manifest.json,3561,474f0c017e056a54c89cc9caf4a8156fb66d94a6c1cb9f68fe36da82843a0b32
results/final_pipeline/06_final_fit_and_performance_summary/07_tuning_and_outer_evaluation/completed_outer_seeds.csv,61,05d47c88c48d5b26d2d3eca040ab716bcf23f0fc71c1c6ae3be661cd7fc0f04e
results/final_pipeline/06_final_fit_and_performance_summary/07_tuning_and_outer_evaluation/component_outer_seed_metrics.csv,5094,d6c2aa694e460482e00aaeba63483a9a3a9b22be48aacb9b69b6efc04f418c94
results/final_pipeline/06_final_fit_and_performance_summary/07_tuning_and_outer_evaluation/component_prediction_checkpoint.csv,804600,82c1100387026ba781463029dd1cad5bb5b394696b9c46891e193b75eb032540
results/final_pipeline/06_final_fit_and_performance_summary/07_tuning_and_outer_evaluation/component_predictions.csv,804600,fff79d743328d3903f42d4f20f9ff0cf38c92db2c6868bd9729309cc48436ae8
results/final_pipeline/06_final_fit_and_performance_summary/07_tuning_and_outer_evaluation/confusion_summary.csv,341,eaa64339e7ea57feddc2911e575b10593c5185c20c24ef4f0a4fd92eff732670
results/final_pipeline/06_final_fit_and_performance_summary/07_tuning_and_outer_evaluation/focused_tuning_checkpoint.csv,5584300,4bbd7c2f6eaad3109d3710a24df3732fbb88e6d9a3791fa57ce314276be58c9f
results/final_pipeline/06_final_fit_and_performance_summary/07_tuning_and_outer_evaluation/focused_tuning_inner_fold_results.csv,5584300,4bbd7c2f6eaad3109d3710a24df3732fbb88e6d9a3791fa57ce314276be58c9f
results/final_pipeline/06_final_fit_and_performance_summary/07_tuning_and_outer_evaluation/focused_tuning_partition_summary.csv,468479,a2f032d15d10b34bf1dbafc7a2ddfe7ddfd380dd1f577736a378692420f85506
results/final_pipeline/06_final_fit_and_performance_summary/07_tuning_and_outer_evaluation/focused_tuning_validation.csv,645,9f2759e5ce4cadc890ce8db6b18d67f116a76042e62092deb4810f58b1ee5d69
results/final_pipeline/06_final_fit_and_performance_summary/07_tuning_and_outer_evaluation/outer_confusion_matrices.csv,6499,555138f6525be3777766531885f58378055738aa15ec672fde4287ba6ceb18bf
results/final_pipeline/06_final_fit_and_performance_summary/07_tuning_and_outer_evaluation/outer_evaluation_validation.csv,922,4f0f393a12c55057d3254333300d5b306a3081245047d9fa4e79cd4232fe34a7
results/final_pipeline/06_final_fit_and_performance_summary/07_tuning_and_outer_evaluation/outer_prediction_checkpoint.csv,998157,5cbdcc959a7d50d87d65c64cae725bc0fb33c70f798115921355acd4c2a19e80
results/final_pipeline/06_final_fit_and_performance_summary/07_tuning_and_outer_evaluation/outer_predictions.csv,998157,5cbdcc959a7d50d87d65c64cae725bc0fb33c70f798115921355acd4c2a19e80
results/final_pipeline/06_final_fit_and_performance_summary/07_tuning_and_outer_evaluation/outer_seed_metrics.csv,6463,6e4eab54c6f0d5fb7b9d75fa780e32b8e7f3b1d1c1fe9d5a198cd0961de8d318
results/final_pipeline/06_final_fit_and_performance_summary/07_tuning_and_outer_evaluation/outer_selected_pipeline_checkpoint.csv,58971,9452a83cafb6193226209f0583f8d7287b65cb4537b646d9070e0deefb266342
results/final_pipeline/06_final_fit_and_performance_summary/07_tuning_and_outer_evaluation/paired_architecture_differences.csv,2688,fe87638077b0188a0896096a7efd17214b0e7bf28ef9f87ebc3179ba21d51819
results/final_pipeline/06_final_fit_and_performance_summary/07_tuning_and_outer_evaluation/paired_corrected_uncertainty.csv,816,f4693383c92a81223a563a12c4507453aaaf3a95ee397c9bfa10eddf5aca92c9
results/final_pipeline/06_final_fit_and_performance_summary/07_tuning_and_outer_evaluation/run_manifest.json,1373,c26a66214bd8ac91128f78963999ec58c3bba2066b7792b92657ead58890c9a2
results/final_pipeline/06_final_fit_and_performance_summary/07_tuning_and_outer_evaluation/selected_column_frequency.csv,4164,db5480824f06d62821df5b5c364f52576174199985e3131617444ab6b3a5acce
results/final_pipeline/06_final_fit_and_performance_summary/07_tuning_and_outer_evaluation/selected_model_family_frequency.csv,429,def2911e42b968cd4a067021405e4a55053da8799656e393475617925b0992bd
results/final_pipeline/06_final_fit_and_performance_summary/07_tuning_and_outer_evaluation/selected_pipelines.csv,58971,9452a83cafb6193226209f0583f8d7287b65cb4537b646d9070e0deefb266342
results/final_pipeline/06_final_fit_and_performance_summary/07_tuning_and_outer_evaluation/system_summary.csv,950,c78349b7d08bdf78e48274060dc5e62f4d590420e19dba05e2a22d59bbd03c13
results/final_pipeline/06_final_fit_and_performance_summary/07_tuning_and_outer_evaluation/tuned_partition_winners.csv,21721,f0cec8dccfe75e4b246189457187ee7910962b556c2812bfb70c6325adf7c9de
results/final_pipeline/06_final_fit_and_performance_summary/07_tuning_and_outer_evaluation/tuned_winner_family_frequency.csv,427,e84260ad5ac74a231c604b9a3fcc9c8c99c189592b3f629e9f305fd57aeb8fc1
results/final_pipeline/06_final_fit_and_performance_summary/07_tuning_and_outer_evaluation/tuning_grid_manifest.csv,14530,eb9b907a8c70f4f28a767495969afbe8bf1fbf753363322681888d51664a8862
results/final_pipeline/06_final_fit_and_performance_summary/09_full_cohort_fit/dummy_benchmark_inner_fold_results.csv,1346,c9003b73e3b34f436fcfd8436465e05ccc091c981842937711fcf846e0644a68
results/final_pipeline/06_final_fit_and_performance_summary/09_full_cohort_fit/dummy_benchmark_partition_summary.csv,275,48e8a06745179ff546efa934cedf31f508aa115038797cb16c3029196fc18e4d
results/final_pipeline/06_final_fit_and_performance_summary/09_full_cohort_fit/engineering_inner_fold_results.csv,38305,57e6ee83823357f79672e31e09003504ceabe08834938347d263e5aa5d769b85
results/final_pipeline/06_final_fit_and_performance_summary/09_full_cohort_fit/engineering_partition_summary.csv,7193,d2892e0bc71ad38af52a91b0c02a5f837e7b806b5fcb051c7177cb485a812495
results/final_pipeline/06_final_fit_and_performance_summary/09_full_cohort_fit/family_screen_inner_fold_results.csv,231311,6170a54936de856b265d5b8a27b739ef9609c1d026cef4af4cb59370121fc3d7
results/final_pipeline/06_final_fit_and_performance_summary/09_full_cohort_fit/family_screen_partition_summary.csv,13409,15d11d9ff09809778171aa1262443ff53d1d7cb2dd0b7d98c06c90b620d576be
results/final_pipeline/06_final_fit_and_performance_summary/09_full_cohort_fit/focused_tuning_inner_fold_results.csv,320047,59cfd315462774e81632031e000806e77a1b19dd3b1a67cdb85d7238be0c5a86
results/final_pipeline/06_final_fit_and_performance_summary/09_full_cohort_fit/focused_tuning_partition_summary.csv,26007,f41c4abb3452cb3aad4451e4d02e4b7484a95c80da580fded70359d5ccaf1d00
results/final_pipeline/06_final_fit_and_performance_summary/09_full_cohort_fit/full_cohort_fill_values.csv,553,313486083557409cc0c131988a659342675ebcfc1943b73b17a251dd944fa01b
results/final_pipeline/06_final_fit_and_performance_summary/09_full_cohort_fit/full_cohort_fold_assignments.csv,8782,59e85c06f98480ef7c4f26157c8bee11ffb4b3e8db3faa7a5c81d6689934ac79
results/final_pipeline/06_final_fit_and_performance_summary/09_full_cohort_fit/full_cohort_fold_balance.csv,153,0818f1b31129e34cde6c154f1b9dfe40a9647bcf8596cd84af66825fa36f019e
results/final_pipeline/06_final_fit_and_performance_summary/09_full_cohort_fit/full_cohort_selected_pipelines.csv,3271,99dafddf3171a0b1ac36d4c1505f2e667df7448200c7f1913b62a3e2d87dee7c
results/final_pipeline/06_final_fit_and_performance_summary/09_full_cohort_fit/full_cohort_tuned_winners.csv,1412,804972ead8401e3ed3eb5548fcfa36f7bf59dc567e7af7527320fd584ca99838
results/final_pipeline/06_final_fit_and_performance_summary/09_full_cohort_fit/full_cohort_validation.csv,1005,2f45a603b20bfb50c627a5ecf408bbb713de9cd4af6bf58c83521c908a927175
results/final_pipeline/06_final_fit_and_performance_summary/09_full_cohort_fit/model_reload_check.csv,125,e1741a898e7d1e0a995d39fe18f9d7d49df301f85de4cf7c8600c2370d1c0b7a
results/final_pipeline/06_final_fit_and_performance_summary/09_full_cohort_fit/model_save_status.csv,330,0ac85170fb2d3887146b015dc9ff43da285beb1eb1eee7eab592d1053e83c45c
results/final_pipeline/06_final_fit_and_performance_summary/09_full_cohort_fit/models/direct_pipeline.pkl,675290,7584c8f94e50de44ae58bf825670db13484c8ec05e93a829358182502d6ba5e9
results/final_pipeline/06_final_fit_and_performance_summary/09_full_cohort_fit/models/model_manifest.json,3100,94533593c766aad3d529938dc06ec157a923f7ab64ebf6d7eb96b7008d3643db
results/final_pipeline/06_final_fit_and_performance_summary/09_full_cohort_fit/models/stage_1_pipeline.pkl,5725804,4fbf8d985b5723db0c550ac97fefe533f5e7753405ff040ec4f590049c2e144d
results/final_pipeline/06_final_fit_and_performance_summary/09_full_cohort_fit/models/stage_2_pipeline.pkl,3738919,b863a19014fa648825ea18d1712e8d96a28dae27e3d7382fa06f966a4bf7bcdc
results/final_pipeline/06_final_fit_and_performance_summary/09_full_cohort_fit/reproduction_check.csv,213,f95d46d27eb33cc32daa92dc9aa9ac712aedb5fced4ec754fd0a94583cf8031b
results/final_pipeline/06_final_fit_and_performance_summary/09_full_cohort_fit/reproduction_seed_00/dummy_benchmark_inner_fold_results.csv,1383,8f667475847251f3ec30422ec81396a1281e14d5b5fe6e84771a17bdac4f3e34
results/final_pipeline/06_final_fit_and_performance_summary/09_full_cohort_fit/reproduction_seed_00/engineering_inner_fold_results.csv,35686,af3593cf9eeed47e9e84da82827a7b4f3704fe32fbd2bceb8eaec97c5d2a57f1
results/final_pipeline/06_final_fit_and_performance_summary/09_full_cohort_fit/reproduction_seed_00/family_screen_inner_fold_results.csv,282622,b1cdf25eb1b529deb50e058cbded78138b747ddbf5bf3063cd4d7736b48c329c
results/final_pipeline/06_final_fit_and_performance_summary/09_full_cohort_fit/reproduction_seed_00/focused_tuning_inner_fold_results.csv,536645,55215c9d89a27645e43d40aafcb5adcc79c71144115d2b0d68ca0ca7290b63dd
results/final_pipeline/06_final_fit_and_performance_summary/09_full_cohort_fit/reproduction_seed_00/retained_feature_pipelines.csv,2158,35e07d926e9f3314203e9da448a901392fd8501abc3f05777843073fdce9e0bc
results/final_pipeline/06_final_fit_and_performance_summary/09_full_cohort_fit/reproduction_seed_00/retained_for_focused_tuning.csv,1935,046c73717136bcfbc137b8a96ff585fb9d5bf594562a461298d34bdc7c78cbf0
results/final_pipeline/06_final_fit_and_performance_summary/09_full_cohort_fit/reproduction_seed_00/selector_inner_fold_results.csv,118159,c49a460b7aaac15d00fab6d13bffc109ed6e568d3e2946fc3be1b8bc79152435
results/final_pipeline/06_final_fit_and_performance_summary/09_full_cohort_fit/retained_feature_pipelines.csv,1811,1ed319c015825493876996ba423552c672a898f1f063cc412886e378c94bcfcb
results/final_pipeline/06_final_fit_and_performance_summary/09_full_cohort_fit/retained_for_focused_tuning.csv,1792,a7da8bb0c3ad925763b2849ebd6342e5bb03e53fc201ce2d6a35da3d23ddc024
results/final_pipeline/06_final_fit_and_performance_summary/09_full_cohort_fit/run_manifest.json,1909,ed0c8d62922079d29ef3d4eb57cda7f71d9db43dbb4dad2020cb009c1ad6ad40
results/final_pipeline/06_final_fit_and_performance_summary/09_full_cohort_fit/screening_candidate_pool.csv,12146,9973475e33de37e07dde3be1ea3a3bd3b7e57eb43d9ad33cf6ae1bd585c183c7
results/final_pipeline/06_final_fit_and_performance_summary/09_full_cohort_fit/selector_inner_fold_results.csv,123826,79e74e22b34e9e63d1834fa788bb1d8db2d2875cb4e3d60d422c0b4270277b50
results/final_pipeline/06_final_fit_and_performance_summary/09_full_cohort_fit/selector_partition_summary.csv,5279,e31d8e8eefde2aef2cc2e5d0a21422d3d199142ba82983ddb3045dda0c66a034
results/final_pipeline/06_final_fit_and_performance_summary/11_final_performance_summary/feature_pipeline_frequency.csv,925,73765fa3acd1dc424458934567efc75c53236e08f55f6688e50c64c6bc158a8c
results/final_pipeline/06_final_fit_and_performance_summary/11_final_performance_summary/full_cohort_model_summary.csv,585,95e06a1535cde806179f1d2aa3b6088ae18052d00bdc99db17ad0a52cb810ed9
results/final_pipeline/06_final_fit_and_performance_summary/11_final_performance_summary/interpretation_summary.csv,1706,e55dee2215da387c97cae24629e04b24d960b362b4a1bddecfc1fc1fed6f6d54
results/final_pipeline/06_final_fit_and_performance_summary/11_final_performance_summary/model_family_frequency.csv,430,f80a4ac3fac0fe8f911fead49c058a014ed1577e4cd86f9aa02b485427a242a6
results/final_pipeline/06_final_fit_and_performance_summary/11_final_performance_summary/paired_architecture_comparison.csv,622,27370f4d538ebc1f759244865cd647cf114dcf76890998aec620e6f6f62376c4
results/final_pipeline/06_final_fit_and_performance_summary/11_final_performance_summary/primary_performance.csv,426,9b6098ba8ed59df12a9b3d557a278a6e0c2b652f586c9997bf58e74aeb6f17f9
results/final_pipeline/06_final_fit_and_performance_summary/11_final_performance_summary/sensitivity_summary.csv,4837,0f49db60027c5a34563cf3533d38ffbab9ebcc7a78a6ffab6237b5fc46cdf0be
results/final_pipeline/06_final_fit_and_performance_summary/11_final_performance_summary/statistical_stability_summary.csv,2155,7a66728274a18368cb860a0d7448b85d43b15475d500828a7b24ea16da51e11f
results/final_pipeline/06_final_fit_and_performance_summary/11_final_performance_summary/summary_validation.csv,289,a6275c90434e156d09ff2a2997e95e5f3566228c9f19d10826b7033c4f833a8e
results/final_pipeline/07_sensitivity_analyses/08_sensitivity_analyses/branch_preprocessing_preview.csv,1362,47f359d1a35dad7e8b80bca9d3892d0740aa1582baf29fa215d5205a5581b1d8
results/final_pipeline/07_sensitivity_analyses/08_sensitivity_analyses/completed_sensitivity_units.csv,2666,6f993d8dabe08f19d1d3461c23d5868dbb7a36acfe6e4d8939f4bd91c4c2d1c6
results/final_pipeline/07_sensitivity_analyses/08_sensitivity_analyses/one_change_audit.csv,627,a9fea9c317c2aa08b8fa7a53ebb15ed1578c5b595ce4a938363c3b03c493a65c
results/final_pipeline/07_sensitivity_analyses/08_sensitivity_analyses/primary_reproduction_check.csv,346,5267db1561bd52133783ba94ca2a743409e603005594befbde2eccd169762280
results/final_pipeline/07_sensitivity_analyses/08_sensitivity_analyses/run_manifest.json,2352,36bafcf0faab75d882b339082f4ab4247acaa9e7c05eea0bb8f193fc7fc0b914
results/final_pipeline/07_sensitivity_analyses/08_sensitivity_analyses/sensitivity_architecture_uncertainty.csv,5124,5f3a56cbb869f30e1ac5eabf1fefa1af3dd2ee924e8c365ea5c149f87c8dbd0a
results/final_pipeline/07_sensitivity_analyses/08_sensitivity_analyses/sensitivity_branch_column_frequency.csv,2177,63a8ccc74e7e3ac308725eebfc2f9807b92859aeb8a51342393c34d3555e9f48
results/final_pipeline/07_sensitivity_analyses/08_sensitivity_analyses/sensitivity_branch_manifest.csv,1920,2ea1b0356e399fb91048bd139c65fe0af532b6a87ea53d8350d2b17b7f05246f
results/final_pipeline/07_sensitivity_analyses/08_sensitivity_analyses/sensitivity_component_checkpoint.csv,6287052,e3fee04a17cd596c86faf770cf9910da45c57681aa4fabc37c291ad14a6dc214
results/final_pipeline/07_sensitivity_analyses/08_sensitivity_analyses/sensitivity_component_predictions.csv,5170588,2e86a9586c74f908d73a917126270fc38cfd1ebabedde4120b24ee87ab77ab17
results/final_pipeline/07_sensitivity_analyses/08_sensitivity_analyses/sensitivity_component_seed_metrics.csv,28608,cdf5e77d49903e834d8d4eabb0c78ef77fbb06cd86c4d4a2d02d07f6c9a35646
results/final_pipeline/07_sensitivity_analyses/08_sensitivity_analyses/sensitivity_confusion_matrices.csv,65409,eb3be90ef9ed88496da4d4ff75f64146b10b38c68686003c5ac332c4a14fd0b3
results/final_pipeline/07_sensitivity_analyses/08_sensitivity_analyses/sensitivity_engineering_status.csv,423,0943cb195d78cf56d37c8c83f476b85ed6db8a111e5ad765b6dcd23d2c53d89e
results/final_pipeline/07_sensitivity_analyses/08_sensitivity_analyses/sensitivity_minus_primary_seed_differences.csv,33431,f31f0abe7385f7659a0d5fa3ad98c631b7b7137f6cd50f03527ea60bf2bf1f86
results/final_pipeline/07_sensitivity_analyses/08_sensitivity_analyses/sensitivity_minus_primary_uncertainty.csv,10788,da43d288398fef2d7fee00d3c3e5582344338d3c9fd8f93e7b7b032471b6a68b
results/final_pipeline/07_sensitivity_analyses/08_sensitivity_analyses/sensitivity_prediction_checkpoint.csv,7447946,f0e93a9ec57fd36cf2d38a6d228915547729cc3cf73c8eb1476886133a431b5a
results/final_pipeline/07_sensitivity_analyses/08_sensitivity_analyses/sensitivity_predictions.csv,6138026,c1d687101e0786f356b332936d5627ad921a696c5e1cdce86c6b035d5c91a8c1
results/final_pipeline/07_sensitivity_analyses/08_sensitivity_analyses/sensitivity_seed_metrics.csv,35161,db891904252c062930ddd836136c8567841ad2c8c81fa1dec863339acbe456b5
results/final_pipeline/07_sensitivity_analyses/08_sensitivity_analyses/sensitivity_selected_column_frequency.csv,35732,4177509c954f34ae1869095b7b94e1707cf20e1aedab65e7845cace50d4ad7d0
results/final_pipeline/07_sensitivity_analyses/08_sensitivity_analyses/sensitivity_selected_pipeline_checkpoint.csv,373161,9f750a8f969e11669e161505d818b37e86305b29b08f268d0239b0c11cdf4c5e
results/final_pipeline/07_sensitivity_analyses/08_sensitivity_analyses/sensitivity_selected_pipelines.csv,312111,87cb431b143ed94e2a60e23b4a635808d66527c2174a1aa01526acf180abc166
results/final_pipeline/07_sensitivity_analyses/08_sensitivity_analyses/sensitivity_system_summary.csv,4354,88c2e2d7ffa156c6436884e4470c6153a6ca04bc8f27a47ca3976d791a8ac99a
results/final_pipeline/07_sensitivity_analyses/08_sensitivity_analyses/sensitivity_validation.csv,1168,27b925b6c05490dfaf677a0bc76c988500a15c010a7985228fb4cc6ca52a60cf
results/final_pipeline/08_interpretation_and_reporting/10_model_interpretation/feature_summary.csv,9056,43e6f4694798779517d923ef4553023080e03edb2ef22ba4ba6939c949725a0a
results/final_pipeline/08_interpretation_and_reporting/10_model_interpretation/interpretation_validation.csv,284,b41db983c2f24e78c155f542b277ccef8925498d8179df429ff42d62f9f3775b
results/final_pipeline/08_interpretation_and_reporting/10_model_interpretation/permutation_importance_by_fold.csv,49707,59edef84be583e2f438f953b9b0c0f0dff424aebaeeefe2d963b866071e41c11
results/final_pipeline/08_interpretation_and_reporting/10_model_interpretation/permutation_importance_summary.csv,18508,8023d27698b4bbcd9d0db4b38c08d8959896d0d80c9b7ba67c1e6cb1a6751cbc
results/final_pipeline/08_interpretation_and_reporting/10_model_interpretation/reference_out_of_fold_scores.csv,347,acbfe9fc980ff79194dde3754bad42dbb91839111e4c8cf4a995487f7878dc17
results/final_pipeline/08_interpretation_and_reporting/10_model_interpretation/system_permutation_importance.png,132206,162c13925cb9eb7fb48173cc0d41c81dab9bb0e00bc4b273e973f63f93116b9c
results/final_pipeline/08_interpretation_and_reporting/12_shap_and_llm_handoff/clinical_feature_dictionary.csv,6503,d409b4e690fda6ad14a80c0317b28692211a0d65fe770167e8e2f0d91ca2a799
results/final_pipeline/08_interpretation_and_reporting/12_shap_and_llm_handoff/direct_shap_artifact.npz,1163012,ffb9313e88bec987cbb84fe9e5c58fd58b0f3acf6b71feb0caa7fb0c8c187205
results/final_pipeline/08_interpretation_and_reporting/12_shap_and_llm_handoff/feature_map.csv,3066,da3951018f5950810edae133311318e89b415c9bdc4303cd5e2b72aa7791c007
results/final_pipeline/08_interpretation_and_reporting/12_shap_and_llm_handoff/llm_layer_recommendations.md,4442,8f28f2d99da7b67e3979bfe7d4e06852f6da3fcf42577230f4d01317f3ed3c5c
results/final_pipeline/08_interpretation_and_reporting/12_shap_and_llm_handoff/patient_explanation_index.csv,178815,3775d5db11718d0ec84b6d4f83c119250dda36073d5cea78a0e99e5ed0ddf030
results/final_pipeline/08_interpretation_and_reporting/12_shap_and_llm_handoff/patient_raw_inputs.csv,162685,5a9e6018d35c489649d1af58dccd3c90311f47cab3254c358b8737197d9e10bc
results/final_pipeline/08_interpretation_and_reporting/12_shap_and_llm_handoff/raw_input_schema.csv,4168,b0af8ca8285eb1f6695f3d8950146be7e2564b7c5e522ca04d5ee985cc0101cb
results/final_pipeline/08_interpretation_and_reporting/12_shap_and_llm_handoff/shap_global_summary.csv,13431,7a052070042dca2453a17e7bd2f7ddca9feaa9b2baf5dea1c630d246a8a4667b
results/final_pipeline/08_interpretation_and_reporting/12_shap_and_llm_handoff/shap_handoff_manifest.json,2061,836de32471c26287240d21961e4190822f11a127d63f975e7e956cfc7a6ef89d
results/final_pipeline/08_interpretation_and_reporting/12_shap_and_llm_handoff/shap_summary_direct_all_classes.png,122697,69d6fc61134946f2a87f01b65112297b1761fdd10b983b32207192bcd0a1f60e
results/final_pipeline/08_interpretation_and_reporting/12_shap_and_llm_handoff/shap_summary_direct_no_fall.png,118163,92db130f7b5848f7de3ddddb43d49f28fb78362963c4d8ee4d2413ab505d3665
results/final_pipeline/08_interpretation_and_reporting/12_shap_and_llm_handoff/shap_summary_direct_rare_fall.png,125906,c6ffde16a64402e90d14160c59568327c1398692c521774e16a6caaaa9b0a12f
results/final_pipeline/08_interpretation_and_reporting/12_shap_and_llm_handoff/shap_summary_direct_recurrent_fall.png,123176,6a764db380c017b8510f9c1c9bd19ec7a4efaea3f12e3ca81f51b6cb46cec9ae
results/final_pipeline/08_interpretation_and_reporting/12_shap_and_llm_handoff/shap_summary_stage1.png,122554,8f71929946534acf80f7c0f6009c38a9cbef53c8f4ca273a92745e0f837f99dc
results/final_pipeline/08_interpretation_and_reporting/12_shap_and_llm_handoff/shap_summary_stage2.png,128038,2d70fa3f7eb1467b886fbd9949cdbf065cbe288c68dd7b042f64086dc869a664
results/final_pipeline/08_interpretation_and_reporting/12_shap_and_llm_handoff/shap_validation.csv,340,a2a1f03a8dba8344903ac05c467c88301d8fb0f020f266d965ac9099b77a6a8c
results/final_pipeline/08_interpretation_and_reporting/12_shap_and_llm_handoff/stage_1_shap_artifact.npz,581180,c3670944d55b26bae76a6c317ef1666c7e4a2bc7b54422d5d1f039703a9c8532
results/final_pipeline/08_interpretation_and_reporting/12_shap_and_llm_handoff/stage_2_shap_artifact.npz,419726,8220043d0f215de0a684fa4f8023ab91e1d3b375333e93e398494860375b8ab6
