split_seed,target,inner_validation_fold,configuration_id,pipeline_key,candidate_kind,feature_set,selector,selector_parameter,branch,branch_kind,reference_model,training_patients,validation_patients,selected_columns,fit_seconds,baseline_macro_f1,baseline_priority_recall,macro_f1,balanced_accuracy,accuracy,recall_class_0,recall_class_1,recall_class_2,priority_recall,delta_macro_f1,delta_priority_recall
42,direct,0,ENG_01,engineering__INT_GAIT_X_POSTURAL_STABILITY,engineered_representation,final_26,none,all,INT_GAIT_X_POSTURAL_STABILITY,interaction,extra_trees,832,208,48,0.07529570900078397,0.5575581346769275,0.28888888888888886,0.5429439553807412,0.5930328930328931,0.6730769230769231,0.7902097902097902,0.28888888888888886,0.7,0.28888888888888886,-0.014614179296186247,0.0
42,direct,0,ENG_02,engineering__INT_MOTOR_X_COGNITION,engineered_representation,final_26,none,all,INT_MOTOR_X_COGNITION,interaction,extra_trees,832,208,48,0.07238045900157886,0.5575581346769275,0.28888888888888886,0.5165900330992347,0.5712250712250712,0.6490384615384616,0.7692307692307693,0.24444444444444444,0.7,0.24444444444444444,-0.04096810157769282,-0.044444444444444425
42,direct,0,ENG_03,engineering__INT_DURATION_X_MOTOR,engineered_representation,final_26,none,all,INT_DURATION_X_MOTOR,interaction,extra_trees,832,208,48,0.0727720840004622,0.5575581346769275,0.28888888888888886,0.5094411665226052,0.5665630665630665,0.6394230769230769,0.7552447552447552,0.24444444444444444,0.7,0.24444444444444444,-0.048116968154322315,-0.044444444444444425
42,direct,0,ENG_04,engineering__INT_MOBILITY_X_POSTURAL_STABILITY,engineered_representation,final_26,none,all,INT_MOBILITY_X_POSTURAL_STABILITY,interaction,extra_trees,832,208,48,0.0747813749985653,0.5575581346769275,0.28888888888888886,0.5166990217924992,0.5716394716394716,0.6394230769230769,0.7482517482517482,0.26666666666666666,0.7,0.26666666666666666,-0.04085911288442834,-0.0222222222222222
42,direct,0,ENG_05,engineering__PCA_PART_I_PATIENT_3_80,engineered_representation,final_26,none,all,PCA_PART_I_PATIENT_3_80,pca,extra_trees,832,208,46,0.07749783300096169,0.5575581346769275,0.28888888888888886,0.5230732655255106,0.5832297332297333,0.6442307692307693,0.7552447552447552,0.24444444444444444,0.75,0.24444444444444444,-0.03448486915141691,-0.044444444444444425
42,direct,0,ENG_06,engineering__PCA_PART_I_PATIENT_3_90,engineered_representation,final_26,none,all,PCA_PART_I_PATIENT_3_90,pca,extra_trees,832,208,47,0.07376595799723873,0.5575581346769275,0.28888888888888886,0.52304049093168,0.5883061383061383,0.6442307692307693,0.7482517482517482,0.26666666666666666,0.75,0.26666666666666666,-0.03451764374524746,-0.0222222222222222
42,direct,0,ENG_07,engineering__PCA_PART_I_PATIENT_3_95,engineered_representation,final_26,none,all,PCA_PART_I_PATIENT_3_95,pca,extra_trees,832,208,47,0.07458825000139768,0.5575581346769275,0.28888888888888886,0.52304049093168,0.5883061383061383,0.6442307692307693,0.7482517482517482,0.26666666666666666,0.75,0.26666666666666666,-0.03451764374524746,-0.0222222222222222
42,direct,1,ENG_01,engineering__INT_GAIT_X_POSTURAL_STABILITY,engineered_representation,final_26,none,all,INT_GAIT_X_POSTURAL_STABILITY,interaction,extra_trees,832,208,48,0.07697687499967287,0.5150769644417558,0.4,0.5007195645493517,0.5612924112924113,0.6057692307692307,0.6783216783216783,0.35555555555555557,0.65,0.35555555555555557,-0.014357399892404032,-0.04444444444444445
42,direct,1,ENG_02,engineering__INT_MOTOR_X_COGNITION,engineered_representation,final_26,none,all,INT_MOTOR_X_COGNITION,interaction,extra_trees,832,208,48,0.07638137499816366,0.5150769644417558,0.4,0.49895361199709026,0.5612924112924113,0.6057692307692307,0.6783216783216783,0.35555555555555557,0.65,0.35555555555555557,-0.016123352444665506,-0.04444444444444445
42,direct,1,ENG_03,engineering__INT_DURATION_X_MOTOR,engineered_representation,final_26,none,all,INT_DURATION_X_MOTOR,interaction,extra_trees,832,208,48,0.07461754200267023,0.5150769644417558,0.4,0.4880707989909204,0.5515540015540016,0.5961538461538461,0.6713286713286714,0.3333333333333333,0.65,0.3333333333333333,-0.027006165450835395,-0.06666666666666671
42,direct,1,ENG_04,engineering__INT_MOBILITY_X_POSTURAL_STABILITY,engineered_representation,final_26,none,all,INT_MOBILITY_X_POSTURAL_STABILITY,interaction,extra_trees,832,208,48,0.0731564999987313,0.5150769644417558,0.4,0.49979025684670847,0.5612924112924113,0.6057692307692307,0.6783216783216783,0.35555555555555557,0.65,0.35555555555555557,-0.0152867075950473,-0.04444444444444445
42,direct,1,ENG_05,engineering__PCA_PART_I_PATIENT_3_80,engineered_representation,final_26,none,all,PCA_PART_I_PATIENT_3_80,pca,extra_trees,832,208,46,0.07441133400061517,0.5150769644417558,0.4,0.49545444772679376,0.5654752654752655,0.6057692307692307,0.6853146853146853,0.3111111111111111,0.7,0.3111111111111111,-0.019622516714962013,-0.0888888888888889
42,direct,1,ENG_06,engineering__PCA_PART_I_PATIENT_3_90,engineered_representation,final_26,none,all,PCA_PART_I_PATIENT_3_90,pca,extra_trees,832,208,47,0.072641750000912,0.5150769644417558,0.4,0.5059199421268387,0.5724682724682725,0.6201923076923077,0.7062937062937062,0.3111111111111111,0.7,0.3111111111111111,-0.009157022314917107,-0.0888888888888889
42,direct,1,ENG_07,engineering__PCA_PART_I_PATIENT_3_95,engineered_representation,final_26,none,all,PCA_PART_I_PATIENT_3_95,pca,extra_trees,832,208,47,0.07644304199857288,0.5150769644417558,0.4,0.5059199421268387,0.5724682724682725,0.6201923076923077,0.7062937062937062,0.3111111111111111,0.7,0.3111111111111111,-0.009157022314917107,-0.0888888888888889
42,direct,2,ENG_01,engineering__INT_GAIT_X_POSTURAL_STABILITY,engineered_representation,final_26,none,all,INT_GAIT_X_POSTURAL_STABILITY,interaction,extra_trees,832,208,48,0.0772961660004512,0.535535163991706,0.37777777777777777,0.517920534474015,0.5761755719502198,0.6298076923076923,0.7253521126760564,0.28888888888888886,0.7142857142857143,0.28888888888888886,-0.017614629517690994,-0.0888888888888889
42,direct,2,ENG_02,engineering__INT_MOTOR_X_COGNITION,engineered_representation,final_26,none,all,INT_MOTOR_X_COGNITION,interaction,extra_trees,832,208,48,0.07346687500103144,0.535535163991706,0.37777777777777777,0.5254962920497726,0.5835829793576273,0.6346153846153846,0.7253521126760564,0.3111111111111111,0.7142857142857143,0.3111111111111111,-0.010038871941933425,-0.06666666666666665
42,direct,2,ENG_03,engineering__INT_DURATION_X_MOTOR,engineered_representation,final_26,none,all,INT_DURATION_X_MOTOR,interaction,extra_trees,832,208,48,0.07605470800262992,0.535535163991706,0.37777777777777777,0.5288896926827961,0.5909903867650347,0.6394230769230769,0.7253521126760564,0.3333333333333333,0.7142857142857143,0.3333333333333333,-0.0066454713089099116,-0.04444444444444445
42,direct,2,ENG_04,engineering__INT_MOBILITY_X_POSTURAL_STABILITY,engineered_representation,final_26,none,all,INT_MOBILITY_X_POSTURAL_STABILITY,interaction,extra_trees,832,208,48,0.07208858399826568,0.535535163991706,0.37777777777777777,0.5036683042301019,0.5640733288620613,0.6153846153846154,0.7112676056338029,0.26666666666666666,0.7142857142857143,0.26666666666666666,-0.03186685976160408,-0.1111111111111111
42,direct,2,ENG_05,engineering__PCA_PART_I_PATIENT_3_80,engineered_representation,final_26,none,all,PCA_PART_I_PATIENT_3_80,pca,extra_trees,832,208,46,0.0747003329997824,0.535535163991706,0.37777777777777777,0.5107972184990435,0.5630151278038601,0.6201923076923077,0.7112676056338029,0.3111111111111111,0.6666666666666666,0.3111111111111111,-0.024737945492662505,-0.06666666666666665
42,direct,2,ENG_06,engineering__PCA_PART_I_PATIENT_3_90,engineered_representation,final_26,none,all,PCA_PART_I_PATIENT_3_90,pca,extra_trees,832,208,47,0.07318541600034223,0.535535163991706,0.37777777777777777,0.5267705464299148,0.5751173708920189,0.6346153846153846,0.7253521126760564,0.3333333333333333,0.6666666666666666,0.3333333333333333,-0.008764617561791144,-0.04444444444444445
42,direct,2,ENG_07,engineering__PCA_PART_I_PATIENT_3_95,engineered_representation,final_26,none,all,PCA_PART_I_PATIENT_3_95,pca,extra_trees,832,208,47,0.07220008399963262,0.535535163991706,0.37777777777777777,0.5267705464299148,0.5751173708920189,0.6346153846153846,0.7253521126760564,0.3333333333333333,0.6666666666666666,0.3333333333333333,-0.008764617561791144,-0.04444444444444445
42,direct,3,ENG_01,engineering__INT_GAIT_X_POSTURAL_STABILITY,engineered_representation,final_26,none,all,INT_GAIT_X_POSTURAL_STABILITY,interaction,extra_trees,832,208,48,0.07423533300243434,0.47108140992014924,0.21739130434782608,0.5102717648137568,0.5622473974280465,0.6298076923076923,0.7323943661971831,0.30434782608695654,0.65,0.30434782608695654,0.03919035489360756,0.08695652173913046
42,direct,3,ENG_02,engineering__INT_MOTOR_X_COGNITION,engineered_representation,final_26,none,all,INT_MOTOR_X_COGNITION,interaction,extra_trees,832,208,48,0.07360783300100593,0.47108140992014924,0.21739130434782608,0.5038828582915423,0.5504796897325984,0.625,0.7253521126760564,0.32608695652173914,0.6,0.32608695652173914,0.032801448371393094,0.10869565217391305
42,direct,3,ENG_03,engineering__INT_DURATION_X_MOTOR,engineered_representation,final_26,none,all,INT_DURATION_X_MOTOR,interaction,extra_trees,832,208,48,0.07249070800025947,0.47108140992014924,0.21739130434782608,0.5131763097549752,0.5645948152684221,0.6346153846153846,0.7394366197183099,0.30434782608695654,0.65,0.30434782608695654,0.04209489983482595,0.08695652173913046
42,direct,3,ENG_04,engineering__INT_MOBILITY_X_POSTURAL_STABILITY,engineered_representation,final_26,none,all,INT_MOBILITY_X_POSTURAL_STABILITY,interaction,extra_trees,832,208,48,0.06300520900185802,0.47108140992014924,0.21739130434782608,0.5184651908226844,0.5624209022249439,0.6394230769230769,0.7394366197183099,0.34782608695652173,0.6,0.34782608695652173,0.047383780902535144,0.13043478260869565
42,direct,3,ENG_05,engineering__PCA_PART_I_PATIENT_3_80,engineered_representation,final_26,none,all,PCA_PART_I_PATIENT_3_80,pca,extra_trees,832,208,46,0.07247045899930527,0.47108140992014924,0.21739130434782608,0.4726750261233019,0.5334660134721373,0.6009615384615384,0.7112676056338029,0.2391304347826087,0.65,0.2391304347826087,0.0015936162031526813,0.021739130434782622
42,direct,3,ENG_06,engineering__PCA_PART_I_PATIENT_3_90,engineered_representation,final_26,none,all,PCA_PART_I_PATIENT_3_90,pca,extra_trees,832,208,47,0.11131533299703733,0.47108140992014924,0.21739130434782608,0.48142142208396305,0.5499285568483364,0.6153846153846154,0.7323943661971831,0.21739130434782608,0.7,0.21739130434782608,0.010340012163813805,0.0
42,direct,3,ENG_07,engineering__PCA_PART_I_PATIENT_3_95,engineered_representation,final_26,none,all,PCA_PART_I_PATIENT_3_95,pca,extra_trees,832,208,47,0.08178179199967417,0.47108140992014924,0.21739130434782608,0.48142142208396305,0.5499285568483364,0.6153846153846154,0.7323943661971831,0.21739130434782608,0.7,0.21739130434782608,0.010340012163813805,0.0
42,direct,4,ENG_01,engineering__INT_GAIT_X_POSTURAL_STABILITY,engineered_representation,final_26,none,all,INT_GAIT_X_POSTURAL_STABILITY,interaction,extra_trees,832,208,47,0.07394149999890942,0.4979277570417508,0.2608695652173913,0.4920002020333211,0.5383343539497857,0.6201923076923077,0.7323943661971831,0.2826086956521739,0.6,0.2826086956521739,-0.005927555008429675,0.021739130434782594
42,direct,4,ENG_02,engineering__INT_MOTOR_X_COGNITION,engineered_representation,final_26,none,all,INT_MOTOR_X_COGNITION,interaction,extra_trees,832,208,47,0.0743730409994896,0.4979277570417508,0.2608695652173913,0.4960591694576788,0.5406817717901613,0.625,0.7394366197183099,0.2826086956521739,0.6,0.2826086956521739,-0.00186858758407199,0.021739130434782594
42,direct,4,ENG_03,engineering__INT_DURATION_X_MOTOR,engineered_representation,final_26,none,all,INT_DURATION_X_MOTOR,interaction,extra_trees,832,208,47,0.07399091700062854,0.4979277570417508,0.2608695652173913,0.4958504757461368,0.5406817717901613,0.625,0.7394366197183099,0.2826086956521739,0.6,0.2826086956521739,-0.0020772812956140196,0.021739130434782594
42,direct,4,ENG_04,engineering__INT_MOBILITY_X_POSTURAL_STABILITY,engineered_representation,final_26,none,all,INT_MOBILITY_X_POSTURAL_STABILITY,interaction,extra_trees,832,208,47,0.07206075000067358,0.4979277570417508,0.2608695652173913,0.4933904511458908,0.5383343539497857,0.6201923076923077,0.7323943661971831,0.2826086956521739,0.6,0.2826086956521739,-0.004537305895859989,0.021739130434782594
42,direct,4,ENG_05,engineering__PCA_PART_I_PATIENT_3_80,engineered_representation,final_26,none,all,PCA_PART_I_PATIENT_3_80,pca,extra_trees,832,208,45,0.07432587499715737,0.4979277570417508,0.2608695652173913,0.4960591694576788,0.5406817717901613,0.625,0.7394366197183099,0.2826086956521739,0.6,0.2826086956521739,-0.00186858758407199,0.021739130434782594
42,direct,4,ENG_06,engineering__PCA_PART_I_PATIENT_3_90,engineered_representation,final_26,none,all,PCA_PART_I_PATIENT_3_90,pca,extra_trees,832,208,46,0.07577754199883202,0.4979277570417508,0.2608695652173913,0.5049835118560431,0.5479281486017555,0.6298076923076923,0.7394366197183099,0.30434782608695654,0.6,0.30434782608695654,0.00705575481429227,0.043478260869565244
42,direct,4,ENG_07,engineering__PCA_PART_I_PATIENT_3_95,engineered_representation,final_26,none,all,PCA_PART_I_PATIENT_3_95,pca,extra_trees,832,208,46,0.07375900000261026,0.4979277570417508,0.2608695652173913,0.5049835118560431,0.5479281486017555,0.6298076923076923,0.7394366197183099,0.30434782608695654,0.6,0.30434782608695654,0.00705575481429227,0.043478260869565244
42,stage_1,0,ENG_01,engineering__INT_GAIT_X_POSTURAL_STABILITY,engineered_representation,final_26,none,all,INT_GAIT_X_POSTURAL_STABILITY,interaction,extra_trees,832,208,48,0.06194712499927846,0.668053266357952,0.5846153846153846,0.6855385257011781,0.6923076923076923,0.7211538461538461,0.7692307692307693,0.6153846153846154,,0.6153846153846154,0.01748525934322609,0.03076923076923077
42,stage_1,0,ENG_02,engineering__INT_MOTOR_X_COGNITION,engineered_representation,final_26,none,all,INT_MOTOR_X_COGNITION,interaction,extra_trees,832,208,48,0.062101374998746905,0.668053266357952,0.5846153846153846,0.6831932773109244,0.6881118881118882,0.7211538461538461,0.7762237762237763,0.6,,0.6,0.01514001095297235,0.01538461538461533
42,stage_1,0,ENG_03,engineering__INT_DURATION_X_MOTOR,engineered_representation,final_26,none,all,INT_DURATION_X_MOTOR,interaction,extra_trees,832,208,48,0.06153533299948322,0.668053266357952,0.5846153846153846,0.6963820248149306,0.7034965034965035,0.7307692307692307,0.7762237762237763,0.6307692307692307,,0.6307692307692307,0.028328758456978576,0.0461538461538461
42,stage_1,0,ENG_04,engineering__INT_MOBILITY_X_POSTURAL_STABILITY,engineered_representation,final_26,none,all,INT_MOBILITY_X_POSTURAL_STABILITY,interaction,extra_trees,832,208,48,0.06167433299924596,0.668053266357952,0.5846153846153846,0.6764992750757876,0.6804195804195805,0.7163461538461539,0.7762237762237763,0.5846153846153846,,0.5846153846153846,0.008446008717835518,0.0
42,stage_1,0,ENG_05,engineering__PCA_PART_I_PATIENT_3_80,engineered_representation,final_26,none,all,PCA_PART_I_PATIENT_3_80,pca,extra_trees,832,208,46,0.07040266599869938,0.668053266357952,0.5846153846153846,0.6807452101196148,0.6839160839160839,0.7211538461538461,0.7832167832167832,0.5846153846153846,,0.5846153846153846,0.012691943761662716,0.0
42,stage_1,0,ENG_06,engineering__PCA_PART_I_PATIENT_3_90,engineered_representation,final_26,none,all,PCA_PART_I_PATIENT_3_90,pca,extra_trees,832,208,47,0.06177708299946971,0.668053266357952,0.5846153846153846,0.6629028401392173,0.6650349650349651,0.7067307692307693,0.7762237762237763,0.5538461538461539,,0.5538461538461539,-0.005150426218734738,-0.03076923076923077
42,stage_1,0,ENG_07,engineering__PCA_PART_I_PATIENT_3_95,engineered_representation,final_26,none,all,PCA_PART_I_PATIENT_3_95,pca,extra_trees,832,208,47,0.060769334002543474,0.668053266357952,0.5846153846153846,0.6629028401392173,0.6650349650349651,0.7067307692307693,0.7762237762237763,0.5538461538461539,,0.5538461538461539,-0.005150426218734738,-0.03076923076923077
42,stage_1,1,ENG_01,engineering__INT_GAIT_X_POSTURAL_STABILITY,engineered_representation,final_26,none,all,INT_GAIT_X_POSTURAL_STABILITY,interaction,extra_trees,832,208,48,0.07602845799920033,0.6743457839409528,0.6923076923076923,0.687218045112782,0.7062937062937062,0.7115384615384616,0.7202797202797203,0.6923076923076923,,0.6923076923076923,0.012872261171829158,0.0
42,stage_1,1,ENG_02,engineering__INT_MOTOR_X_COGNITION,engineered_representation,final_26,none,all,INT_MOTOR_X_COGNITION,interaction,extra_trees,832,208,48,0.07619337500000256,0.6743457839409528,0.6923076923076923,0.6725228039485194,0.6916083916083916,0.6971153846153846,0.7062937062937062,0.676923076923077,,0.676923076923077,-0.0018229799924334156,-0.01538461538461533
42,stage_1,1,ENG_03,engineering__INT_DURATION_X_MOTOR,engineered_representation,final_26,none,all,INT_DURATION_X_MOTOR,interaction,extra_trees,832,208,48,0.06483079100144096,0.6743457839409528,0.6923076923076923,0.6767919799498747,0.6951048951048951,0.7019230769230769,0.7132867132867133,0.676923076923077,,0.676923076923077,0.0024461960089219303,-0.01538461538461533
42,stage_1,1,ENG_04,engineering__INT_MOBILITY_X_POSTURAL_STABILITY,engineered_representation,final_26,none,all,INT_MOBILITY_X_POSTURAL_STABILITY,interaction,extra_trees,832,208,48,0.0648213329986902,0.6743457839409528,0.6923076923076923,0.6767919799498747,0.6951048951048951,0.7019230769230769,0.7132867132867133,0.676923076923077,,0.676923076923077,0.0024461960089219303,-0.01538461538461533
42,stage_1,1,ENG_05,engineering__PCA_PART_I_PATIENT_3_80,engineered_representation,final_26,none,all,PCA_PART_I_PATIENT_3_80,pca,extra_trees,832,208,46,0.06496204199720523,0.6743457839409528,0.6923076923076923,0.6700703876276395,0.6923076923076923,0.6923076923076923,0.6923076923076923,0.6923076923076923,,0.6923076923076923,-0.004275396313313307,0.0
42,stage_1,1,ENG_06,engineering__PCA_PART_I_PATIENT_3_90,engineered_representation,final_26,none,all,PCA_PART_I_PATIENT_3_90,pca,extra_trees,832,208,47,0.06304491699847858,0.6743457839409528,0.6923076923076923,0.6725228039485194,0.6916083916083916,0.6971153846153846,0.7062937062937062,0.676923076923077,,0.676923076923077,-0.0018229799924334156,-0.01538461538461533
42,stage_1,1,ENG_07,engineering__PCA_PART_I_PATIENT_3_95,engineered_representation,final_26,none,all,PCA_PART_I_PATIENT_3_95,pca,extra_trees,832,208,47,0.06227316700096708,0.6743457839409528,0.6923076923076923,0.6725228039485194,0.6916083916083916,0.6971153846153846,0.7062937062937062,0.676923076923077,,0.676923076923077,-0.0018229799924334156,-0.01538461538461533
42,stage_1,2,ENG_01,engineering__INT_GAIT_X_POSTURAL_STABILITY,engineered_representation,final_26,none,all,INT_GAIT_X_POSTURAL_STABILITY,interaction,extra_trees,832,208,48,0.06285904199830838,0.704515474378488,0.6818181818181818,0.7132352941176471,0.7247119078104993,0.7403846153846154,0.7676056338028169,0.6818181818181818,,0.6818181818181818,0.00871981973915903,0.0
42,stage_1,2,ENG_02,engineering__INT_MOTOR_X_COGNITION,engineered_representation,final_26,none,all,INT_MOTOR_X_COGNITION,interaction,extra_trees,832,208,48,0.06321570799991605,0.704515474378488,0.6818181818181818,0.7194554014505663,0.7322876653862569,0.7451923076923077,0.7676056338028169,0.696969696969697,,0.696969696969697,0.014939927072078252,0.015151515151515249
42,stage_1,2,ENG_03,engineering__INT_DURATION_X_MOTOR,engineered_representation,final_26,none,all,INT_DURATION_X_MOTOR,interaction,extra_trees,832,208,48,0.06279195800016169,0.704515474378488,0.6818181818181818,0.7088688128260593,0.721190781049936,0.7355769230769231,0.7605633802816901,0.6818181818181818,,0.6818181818181818,0.004353338447571242,0.0
42,stage_1,2,ENG_04,engineering__INT_MOBILITY_X_POSTURAL_STABILITY,engineered_representation,final_26,none,all,INT_MOBILITY_X_POSTURAL_STABILITY,interaction,extra_trees,832,208,48,0.07036841700028162,0.704515474378488,0.6818181818181818,0.7238562091503268,0.7358087921468204,0.75,0.7746478873239436,0.696969696969697,,0.696969696969697,0.01934073477183873,0.015151515151515249
42,stage_1,2,ENG_05,engineering__PCA_PART_I_PATIENT_3_80,engineered_representation,final_26,none,all,PCA_PART_I_PATIENT_3_80,pca,extra_trees,832,208,46,0.0613703329981945,0.704515474378488,0.6818181818181818,0.7194554014505663,0.7322876653862569,0.7451923076923077,0.7676056338028169,0.696969696969697,,0.696969696969697,0.014939927072078252,0.015151515151515249
42,stage_1,2,ENG_06,engineering__PCA_PART_I_PATIENT_3_90,engineered_representation,final_26,none,all,PCA_PART_I_PATIENT_3_90,pca,extra_trees,832,208,47,0.06104933399910806,0.704515474378488,0.6818181818181818,0.7238562091503268,0.7358087921468204,0.75,0.7746478873239436,0.696969696969697,,0.696969696969697,0.01934073477183873,0.015151515151515249
42,stage_1,2,ENG_07,engineering__PCA_PART_I_PATIENT_3_95,engineered_representation,final_26,none,all,PCA_PART_I_PATIENT_3_95,pca,extra_trees,832,208,47,0.05783241699828068,0.704515474378488,0.6818181818181818,0.7238562091503268,0.7358087921468204,0.75,0.7746478873239436,0.696969696969697,,0.696969696969697,0.01934073477183873,0.015151515151515249
42,stage_1,3,ENG_01,engineering__INT_GAIT_X_POSTURAL_STABILITY,engineered_representation,final_26,none,all,INT_GAIT_X_POSTURAL_STABILITY,interaction,extra_trees,832,208,48,0.07299154199790792,0.674991674991675,0.6212121212121212,0.6727788523533205,0.6797908664105847,0.7067307692307693,0.7535211267605634,0.6060606060606061,,0.6060606060606061,-0.002212822638354539,-0.015151515151515138
42,stage_1,3,ENG_02,engineering__INT_MOTOR_X_COGNITION,engineered_representation,final_26,none,all,INT_MOTOR_X_COGNITION,interaction,extra_trees,832,208,48,0.07301525000002584,0.674991674991675,0.6212121212121212,0.6707516339869282,0.6803243704652155,0.7019230769230769,0.7394366197183099,0.6212121212121212,,0.6212121212121212,-0.004240041004746842,0.0
42,stage_1,3,ENG_03,engineering__INT_DURATION_X_MOTOR,engineered_representation,final_26,none,all,INT_DURATION_X_MOTOR,interaction,extra_trees,832,208,48,0.07342870899810805,0.674991674991675,0.6212121212121212,0.674991674991675,0.6838454972257789,0.7067307692307693,0.7464788732394366,0.6212121212121212,,0.6212121212121212,0.0,0.0
42,stage_1,3,ENG_04,engineering__INT_MOBILITY_X_POSTURAL_STABILITY,engineered_representation,final_26,none,all,INT_MOBILITY_X_POSTURAL_STABILITY,interaction,extra_trees,832,208,48,0.0633122920007736,0.674991674991675,0.6212121212121212,0.6771090469525385,0.6879001280409731,0.7067307692307693,0.7394366197183099,0.6363636363636364,,0.6363636363636364,0.002117371960863479,0.015151515151515138
42,stage_1,3,ENG_05,engineering__PCA_PART_I_PATIENT_3_80,engineered_representation,final_26,none,all,PCA_PART_I_PATIENT_3_80,pca,extra_trees,832,208,46,0.06248454200249398,0.674991674991675,0.6212121212121212,0.6835074145712443,0.6908877507469057,0.7163461538461539,0.7605633802816901,0.6212121212121212,,0.6212121212121212,0.008515739579569304,0.0
42,stage_1,3,ENG_06,engineering__PCA_PART_I_PATIENT_3_90,engineered_representation,final_26,none,all,PCA_PART_I_PATIENT_3_90,pca,extra_trees,832,208,47,0.0603144170017913,0.674991674991675,0.6212121212121212,0.687784679089027,0.694408877507469,0.7211538461538461,0.7676056338028169,0.6212121212121212,,0.6212121212121212,0.012793004097351957,0.0
42,stage_1,3,ENG_07,engineering__PCA_PART_I_PATIENT_3_95,engineered_representation,final_26,none,all,PCA_PART_I_PATIENT_3_95,pca,extra_trees,832,208,47,0.07448183399901609,0.674991674991675,0.6212121212121212,0.687784679089027,0.694408877507469,0.7211538461538461,0.7676056338028169,0.6212121212121212,,0.6212121212121212,0.012793004097351957,0.0
42,stage_1,4,ENG_01,engineering__INT_GAIT_X_POSTURAL_STABILITY,engineered_representation,final_26,none,all,INT_GAIT_X_POSTURAL_STABILITY,interaction,extra_trees,832,208,47,0.06128208299924154,0.6722689075630253,0.5757575757575758,0.6554865424430641,0.6611182244985062,0.6923076923076923,0.7464788732394366,0.5757575757575758,,0.5757575757575758,-0.016782365119961118,0.0
42,stage_1,4,ENG_02,engineering__INT_MOTOR_X_COGNITION,engineered_representation,final_26,none,all,INT_MOTOR_X_COGNITION,interaction,extra_trees,832,208,47,0.06323979199805763,0.6722689075630253,0.5757575757575758,0.668053266357952,0.6716816047801963,0.7067307692307693,0.7676056338028169,0.5757575757575758,,0.5757575757575758,-0.004215641205073228,0.0
42,stage_1,4,ENG_03,engineering__INT_DURATION_X_MOTOR,engineered_representation,final_26,none,all,INT_DURATION_X_MOTOR,interaction,extra_trees,832,208,47,0.06178962499689078,0.6722689075630253,0.5757575757575758,0.6620502901353965,0.6686939820742638,0.6971153846153846,0.7464788732394366,0.5909090909090909,,0.5909090909090909,-0.010218617427628751,0.015151515151515138
42,stage_1,4,ENG_04,engineering__INT_MOBILITY_X_POSTURAL_STABILITY,engineered_representation,final_26,none,all,INT_MOBILITY_X_POSTURAL_STABILITY,interaction,extra_trees,832,208,47,0.06245145800130558,0.6722689075630253,0.5757575757575758,0.6812715892268135,0.6868331199317115,0.7163461538461539,0.7676056338028169,0.6060606060606061,,0.6060606060606061,0.009002681663788259,0.030303030303030276
42,stage_1,4,ENG_05,engineering__PCA_PART_I_PATIENT_3_80,engineered_representation,final_26,none,all,PCA_PART_I_PATIENT_3_80,pca,extra_trees,832,208,45,0.06242295899937744,0.6722689075630253,0.5757575757575758,0.668053266357952,0.6716816047801963,0.7067307692307693,0.7676056338028169,0.5757575757575758,,0.5757575757575758,-0.004215641205073228,0.0
42,stage_1,4,ENG_06,engineering__PCA_PART_I_PATIENT_3_90,engineered_representation,final_26,none,all,PCA_PART_I_PATIENT_3_90,pca,extra_trees,832,208,46,0.06219458299892722,0.6722689075630253,0.5757575757575758,0.6571697668942783,0.6605847204438753,0.6971153846153846,0.7605633802816901,0.5606060606060606,,0.5606060606060606,-0.015099140668746958,-0.015151515151515249
42,stage_1,4,ENG_07,engineering__PCA_PART_I_PATIENT_3_95,engineered_representation,final_26,none,all,PCA_PART_I_PATIENT_3_95,pca,extra_trees,832,208,46,0.060940084000321804,0.6722689075630253,0.5757575757575758,0.6571697668942783,0.6605847204438753,0.6971153846153846,0.7605633802816901,0.5606060606060606,,0.5606060606060606,-0.015099140668746958,-0.015151515151515249
42,stage_2,0,ENG_01,engineering__INT_GAIT_X_POSTURAL_STABILITY,engineered_representation,final_26,none,all,INT_GAIT_X_POSTURAL_STABILITY,interaction,extra_trees,263,65,47,0.05766299999959301,0.7537878787878788,0.8222222222222222,0.732803507810359,0.7361111111111112,0.7692307692307693,0.8222222222222222,0.65,,0.8222222222222222,-0.020984370977519817,0.0
42,stage_2,0,ENG_02,engineering__INT_MOTOR_X_COGNITION,engineered_representation,final_26,none,all,INT_MOTOR_X_COGNITION,interaction,extra_trees,263,65,47,0.06490583299819264,0.7537878787878788,0.8222222222222222,0.7472222222222222,0.7472222222222222,0.7846153846153846,0.8444444444444444,0.65,,0.8444444444444444,-0.006565656565656552,0.022222222222222254
42,stage_2,0,ENG_03,engineering__INT_DURATION_X_MOTOR,engineered_representation,final_26,none,all,INT_DURATION_X_MOTOR,interaction,extra_trees,263,65,47,0.06473508400085848,0.7537878787878788,0.8222222222222222,0.732803507810359,0.7361111111111112,0.7692307692307693,0.8222222222222222,0.65,,0.8222222222222222,-0.020984370977519817,0.0
42,stage_2,0,ENG_04,engineering__INT_MOBILITY_X_POSTURAL_STABILITY,engineered_representation,final_26,none,all,INT_MOBILITY_X_POSTURAL_STABILITY,interaction,extra_trees,263,65,47,0.06489941600011662,0.7537878787878788,0.8222222222222222,0.732803507810359,0.7361111111111112,0.7692307692307693,0.8222222222222222,0.65,,0.8222222222222222,-0.020984370977519817,0.0
42,stage_2,0,ENG_05,engineering__PCA_PART_I_PATIENT_3_80,engineered_representation,final_26,none,all,PCA_PART_I_PATIENT_3_80,pca,extra_trees,263,65,45,0.05645995899976697,0.7537878787878788,0.8222222222222222,0.7595137420718816,0.775,0.7846153846153846,0.8,0.75,,0.8,0.005725863284002819,-0.022222222222222143
42,stage_2,0,ENG_06,engineering__PCA_PART_I_PATIENT_3_90,engineered_representation,final_26,none,all,PCA_PART_I_PATIENT_3_90,pca,extra_trees,263,65,46,0.06104666700048256,0.7537878787878788,0.8222222222222222,0.7186147186147187,0.7250000000000001,0.7538461538461538,0.8,0.65,,0.8,-0.03517316017316008,-0.022222222222222143
42,stage_2,0,ENG_07,engineering__PCA_PART_I_PATIENT_3_95,engineered_representation,final_26,none,all,PCA_PART_I_PATIENT_3_95,pca,extra_trees,263,65,46,0.06341229199824738,0.7537878787878788,0.8222222222222222,0.7186147186147187,0.7250000000000001,0.7538461538461538,0.8,0.65,,0.8,-0.03517316017316008,-0.022222222222222143
42,stage_2,1,ENG_01,engineering__INT_GAIT_X_POSTURAL_STABILITY,engineered_representation,final_26,none,all,INT_GAIT_X_POSTURAL_STABILITY,interaction,extra_trees,263,65,47,0.06133816600049613,0.6431372549019607,0.7111111111111111,0.6130952380952381,0.6166666666666667,0.6615384615384615,0.7333333333333333,0.5,,0.7333333333333333,-0.030042016806722582,0.022222222222222143
42,stage_2,1,ENG_02,engineering__INT_MOTOR_X_COGNITION,engineered_representation,final_26,none,all,INT_MOTOR_X_COGNITION,interaction,extra_trees,263,65,47,0.05894545800038031,0.6431372549019607,0.7111111111111111,0.6003742314889067,0.6055555555555556,0.6461538461538462,0.7111111111111111,0.5,,0.7111111111111111,-0.042763023413054047,0.0
42,stage_2,1,ENG_03,engineering__INT_DURATION_X_MOTOR,engineered_representation,final_26,none,all,INT_DURATION_X_MOTOR,interaction,extra_trees,263,65,47,0.06505174999983865,0.6431372549019607,0.7111111111111111,0.577922077922078,0.5805555555555556,0.6307692307692307,0.7111111111111111,0.45,,0.7111111111111111,-0.06521517697988277,0.0
42,stage_2,1,ENG_04,engineering__INT_MOBILITY_X_POSTURAL_STABILITY,engineered_representation,final_26,none,all,INT_MOBILITY_X_POSTURAL_STABILITY,interaction,extra_trees,263,65,47,0.06107895899913274,0.6431372549019607,0.7111111111111111,0.6351242983159583,0.6416666666666666,0.676923076923077,0.7333333333333333,0.55,,0.7333333333333333,-0.008012956586002429,0.022222222222222143
42,stage_2,1,ENG_05,engineering__PCA_PART_I_PATIENT_3_80,engineered_representation,final_26,none,all,PCA_PART_I_PATIENT_3_80,pca,extra_trees,263,65,45,0.06530791600016528,0.6431372549019607,0.7111111111111111,0.6564482029598309,0.6666666666666666,0.6923076923076923,0.7333333333333333,0.6,,0.7333333333333333,0.013310948057870142,0.022222222222222143
42,stage_2,1,ENG_06,engineering__PCA_PART_I_PATIENT_3_90,engineered_representation,final_26,none,all,PCA_PART_I_PATIENT_3_90,pca,extra_trees,263,65,46,0.05927791700014495,0.6431372549019607,0.7111111111111111,0.6299171842650104,0.6444444444444444,0.6615384615384615,0.6888888888888889,0.6,,0.6888888888888889,-0.013220070636950298,-0.022222222222222254
42,stage_2,1,ENG_07,engineering__PCA_PART_I_PATIENT_3_95,engineered_representation,final_26,none,all,PCA_PART_I_PATIENT_3_95,pca,extra_trees,263,65,46,0.06303820800167159,0.6431372549019607,0.7111111111111111,0.6299171842650104,0.6444444444444444,0.6615384615384615,0.6888888888888889,0.6,,0.6888888888888889,-0.013220070636950298,-0.022222222222222254
42,stage_2,2,ENG_01,engineering__INT_GAIT_X_POSTURAL_STABILITY,engineered_representation,final_26,none,all,INT_GAIT_X_POSTURAL_STABILITY,interaction,extra_trees,262,66,47,0.062218499999289634,0.7134099616858238,0.7777777777777778,0.7068199634178207,0.7095238095238096,0.7424242424242424,0.8,0.6190476190476191,,0.8,-0.0065899982680031055,0.022222222222222254
42,stage_2,2,ENG_02,engineering__INT_MOTOR_X_COGNITION,engineered_representation,final_26,none,all,INT_MOTOR_X_COGNITION,interaction,extra_trees,262,66,47,0.061455709001165815,0.7134099616858238,0.7777777777777778,0.7068199634178207,0.7095238095238096,0.7424242424242424,0.8,0.6190476190476191,,0.8,-0.0065899982680031055,0.022222222222222254
42,stage_2,2,ENG_03,engineering__INT_DURATION_X_MOTOR,engineered_representation,final_26,none,all,INT_DURATION_X_MOTOR,interaction,extra_trees,262,66,47,0.06212233300175285,0.7134099616858238,0.7777777777777778,0.7068199634178207,0.7095238095238096,0.7424242424242424,0.8,0.6190476190476191,,0.8,-0.0065899982680031055,0.022222222222222254
42,stage_2,2,ENG_04,engineering__INT_MOBILITY_X_POSTURAL_STABILITY,engineered_representation,final_26,none,all,INT_MOBILITY_X_POSTURAL_STABILITY,interaction,extra_trees,262,66,47,0.0630656249995809,0.7134099616858238,0.7777777777777778,0.7068199634178207,0.7095238095238096,0.7424242424242424,0.8,0.6190476190476191,,0.8,-0.0065899982680031055,0.022222222222222254
42,stage_2,2,ENG_05,engineering__PCA_PART_I_PATIENT_3_80,engineered_representation,final_26,none,all,PCA_PART_I_PATIENT_3_80,pca,extra_trees,262,66,46,0.061818042002414586,0.7134099616858238,0.7777777777777778,0.7134099616858238,0.7222222222222222,0.7424242424242424,0.7777777777777778,0.6666666666666666,,0.7777777777777778,0.0,0.0
42,stage_2,2,ENG_06,engineering__PCA_PART_I_PATIENT_3_90,engineered_representation,final_26,none,all,PCA_PART_I_PATIENT_3_90,pca,extra_trees,262,66,46,0.06628341599935084,0.7134099616858238,0.7777777777777778,0.7134099616858238,0.7222222222222222,0.7424242424242424,0.7777777777777778,0.6666666666666666,,0.7777777777777778,0.0,0.0
42,stage_2,2,ENG_07,engineering__PCA_PART_I_PATIENT_3_95,engineered_representation,final_26,none,all,PCA_PART_I_PATIENT_3_95,pca,extra_trees,262,66,46,0.07170391600084258,0.7134099616858238,0.7777777777777778,0.7134099616858238,0.7222222222222222,0.7424242424242424,0.7777777777777778,0.6666666666666666,,0.7777777777777778,0.0,0.0
42,stage_2,3,ENG_01,engineering__INT_GAIT_X_POSTURAL_STABILITY,engineered_representation,final_26,none,all,INT_GAIT_X_POSTURAL_STABILITY,interaction,extra_trees,262,66,47,0.061892292000266025,0.6398809523809523,0.6739130434782609,0.6398809523809523,0.6619565217391304,0.6666666666666666,0.6739130434782609,0.65,,0.6739130434782609,0.0,0.0
42,stage_2,3,ENG_02,engineering__INT_MOTOR_X_COGNITION,engineered_representation,final_26,none,all,INT_MOTOR_X_COGNITION,interaction,extra_trees,262,66,47,0.06349308399876463,0.6398809523809523,0.6739130434782609,0.6398809523809523,0.6619565217391304,0.6666666666666666,0.6739130434782609,0.65,,0.6739130434782609,0.0,0.0
42,stage_2,3,ENG_03,engineering__INT_DURATION_X_MOTOR,engineered_representation,final_26,none,all,INT_DURATION_X_MOTOR,interaction,extra_trees,262,66,47,0.061098459002096206,0.6398809523809523,0.6739130434782609,0.6267519055815097,0.6510869565217392,0.6515151515151515,0.6521739130434783,0.65,,0.6521739130434783,-0.0131290467994426,-0.021739130434782594
42,stage_2,3,ENG_04,engineering__INT_MOBILITY_X_POSTURAL_STABILITY,engineered_representation,final_26,none,all,INT_MOBILITY_X_POSTURAL_STABILITY,interaction,extra_trees,262,66,47,0.05695049999849289,0.6398809523809523,0.6739130434782609,0.6398809523809523,0.6619565217391304,0.6666666666666666,0.6739130434782609,0.65,,0.6739130434782609,0.0,0.0
42,stage_2,3,ENG_05,engineering__PCA_PART_I_PATIENT_3_80,engineered_representation,final_26,none,all,PCA_PART_I_PATIENT_3_80,pca,extra_trees,262,66,45,0.06411575000311132,0.6398809523809523,0.6739130434782609,0.6136585365853658,0.6402173913043478,0.6363636363636364,0.6304347826086957,0.65,,0.6304347826086957,-0.026222415795586484,-0.04347826086956519
42,stage_2,3,ENG_06,engineering__PCA_PART_I_PATIENT_3_90,engineered_representation,final_26,none,all,PCA_PART_I_PATIENT_3_90,pca,extra_trees,262,66,46,0.06677541699900758,0.6398809523809523,0.6739130434782609,0.666329625884732,0.683695652173913,0.696969696969697,0.717391304347826,0.65,,0.717391304347826,0.026448673503779663,0.04347826086956519
42,stage_2,3,ENG_07,engineering__PCA_PART_I_PATIENT_3_95,engineered_representation,final_26,none,all,PCA_PART_I_PATIENT_3_95,pca,extra_trees,262,66,46,0.0655602920014644,0.6398809523809523,0.6739130434782609,0.666329625884732,0.683695652173913,0.696969696969697,0.717391304347826,0.65,,0.717391304347826,0.026448673503779663,0.04347826086956519
42,stage_2,4,ENG_01,engineering__INT_GAIT_X_POSTURAL_STABILITY,engineered_representation,final_26,none,all,INT_GAIT_X_POSTURAL_STABILITY,interaction,extra_trees,262,66,47,0.06282820800333866,0.6723281944081526,0.7608695652173914,0.6723281944081526,0.6804347826086956,0.7121212121212122,0.7608695652173914,0.6,,0.7608695652173914,0.0,0.0
42,stage_2,4,ENG_02,engineering__INT_MOTOR_X_COGNITION,engineered_representation,final_26,none,all,INT_MOTOR_X_COGNITION,interaction,extra_trees,262,66,47,0.06411516600201139,0.6723281944081526,0.7608695652173914,0.6590909090909091,0.6695652173913043,0.696969696969697,0.7391304347826086,0.6,,0.7391304347826086,-0.013237285317243552,-0.021739130434782705
42,stage_2,4,ENG_03,engineering__INT_DURATION_X_MOTOR,engineered_representation,final_26,none,all,INT_DURATION_X_MOTOR,interaction,extra_trees,262,66,47,0.06146683300175937,0.6723281944081526,0.7608695652173914,0.6459770114942529,0.658695652173913,0.6818181818181818,0.717391304347826,0.6,,0.717391304347826,-0.026351182913899707,-0.0434782608695653
42,stage_2,4,ENG_04,engineering__INT_MOBILITY_X_POSTURAL_STABILITY,engineered_representation,final_26,none,all,INT_MOBILITY_X_POSTURAL_STABILITY,interaction,extra_trees,262,66,47,0.062120375001541106,0.6723281944081526,0.7608695652173914,0.6723281944081526,0.6804347826086956,0.7121212121212122,0.7608695652173914,0.6,,0.7608695652173914,0.0,0.0
42,stage_2,4,ENG_05,engineering__PCA_PART_I_PATIENT_3_80,engineered_representation,final_26,none,all,PCA_PART_I_PATIENT_3_80,pca,extra_trees,262,66,45,0.06889762499849894,0.6723281944081526,0.7608695652173914,0.6723281944081526,0.6804347826086956,0.7121212121212122,0.7608695652173914,0.6,,0.7608695652173914,0.0,0.0
42,stage_2,4,ENG_06,engineering__PCA_PART_I_PATIENT_3_90,engineered_representation,final_26,none,all,PCA_PART_I_PATIENT_3_90,pca,extra_trees,262,66,46,0.06893366700023762,0.6723281944081526,0.7608695652173914,0.6723281944081526,0.6804347826086956,0.7121212121212122,0.7608695652173914,0.6,,0.7608695652173914,0.0,0.0
42,stage_2,4,ENG_07,engineering__PCA_PART_I_PATIENT_3_95,engineered_representation,final_26,none,all,PCA_PART_I_PATIENT_3_95,pca,extra_trees,262,66,46,0.1127867499999411,0.6723281944081526,0.7608695652173914,0.6723281944081526,0.6804347826086956,0.7121212121212122,0.7608695652173914,0.6,,0.7608695652173914,0.0,0.0
