split_seed,target,retained_rank,configuration_id,pipeline_key,candidate_kind,selector,selector_parameter,branch,branch_kind,model_family,backend,grid_id,parameters,mean_macro_f1,sd_macro_f1,mean_priority_recall,mean_balanced_accuracy,mean_accuracy,mean_selected_columns,mean_selected_groups,mean_fit_seconds,inner_folds
42,direct,1,SEL_05,raw__none__all,selector_configuration,none,all,,raw,catboost,native,0,"{""auto_class_weights"": null, ""depth"": 4, ""iterations"": 300, ""l2_leaf_reg"": 5.0, ""learning_rate"": 0.03}",0.46820716383441285,0.05976556642923139,0.13700483091787435,0.46011250254361097,0.7067307692307693,46.8,26.0,0.21103137479876746,5
42,direct,1,SEL_05,raw__none__all,selector_configuration,none,all,,raw,catboost,native,1,"{""auto_class_weights"": ""Balanced"", ""depth"": 4, ""iterations"": 300, ""l2_leaf_reg"": 5.0, ""learning_rate"": 0.03}",0.5209062389722645,0.03122555125270188,0.39690821256038644,0.5725361035281427,0.6182692307692308,46.8,26.0,0.2074028749993886,5
42,direct,1,SEL_05,raw__none__all,selector_configuration,none,all,,raw,catboost,native,2,"{""auto_class_weights"": null, ""depth"": 4, ""iterations"": 300, ""l2_leaf_reg"": 5.0, ""learning_rate"": 0.08}",0.4734895193664671,0.032747575024763755,0.1718840579710145,0.4637806726171698,0.698076923076923,46.8,26.0,0.20614334180063448,5
42,direct,1,SEL_05,raw__none__all,selector_configuration,none,all,,raw,catboost,native,3,"{""auto_class_weights"": ""Balanced"", ""depth"": 4, ""iterations"": 300, ""l2_leaf_reg"": 5.0, ""learning_rate"": 0.08}",0.5069094431953143,0.030927607408991822,0.3963285024154589,0.5357280418884829,0.6182692307692308,46.8,26.0,0.20910105000075413,5
42,direct,1,SEL_05,raw__none__all,selector_configuration,none,all,,raw,catboost,native,4,"{""auto_class_weights"": null, ""depth"": 6, ""iterations"": 300, ""l2_leaf_reg"": 5.0, ""learning_rate"": 0.03}",0.4731427497249673,0.05756824316952476,0.14125603864734299,0.4619924891510929,0.7086538461538462,46.8,26.0,0.5695800836001581,5
42,direct,1,SEL_05,raw__none__all,selector_configuration,none,all,,raw,catboost,native,5,"{""auto_class_weights"": ""Balanced"", ""depth"": 6, ""iterations"": 300, ""l2_leaf_reg"": 5.0, ""learning_rate"": 0.03}",0.5205814914514273,0.022550448495565235,0.4234782608695652,0.5599309617374528,0.6201923076923077,46.8,26.0,0.6004066663997947,5
42,direct,1,SEL_05,raw__none__all,selector_configuration,none,all,,raw,catboost,native,6,"{""auto_class_weights"": null, ""depth"": 6, ""iterations"": 300, ""l2_leaf_reg"": 5.0, ""learning_rate"": 0.08}",0.4759542387106417,0.04092263851419378,0.20251207729468593,0.45895060735232196,0.6971153846153846,46.8,26.0,0.5996334332005062,5
42,direct,1,SEL_05,raw__none__all,selector_configuration,none,all,,raw,catboost,native,7,"{""auto_class_weights"": ""Balanced"", ""depth"": 6, ""iterations"": 300, ""l2_leaf_reg"": 5.0, ""learning_rate"": 0.08}",0.5199641620082529,0.03841103550508005,0.3788405797101449,0.5314598492614414,0.6471153846153845,46.8,26.0,0.5932489082006214,5
42,direct,1,SEL_05,raw__none__all,selector_configuration,none,all,,raw,catboost,native,8,"{""auto_class_weights"": null, ""depth"": 4, ""iterations"": 600, ""l2_leaf_reg"": 5.0, ""learning_rate"": 0.03}",0.480990236694384,0.05850947436486243,0.17207729468599034,0.4699821871897806,0.7048076923076924,46.8,26.0,0.3860850666002079,5
42,direct,1,SEL_05,raw__none__all,selector_configuration,none,all,,raw,catboost,native,9,"{""auto_class_weights"": ""Balanced"", ""depth"": 4, ""iterations"": 600, ""l2_leaf_reg"": 5.0, ""learning_rate"": 0.03}",0.5306496632971816,0.03705729633562316,0.4538164251207729,0.5687468735478534,0.6307692307692307,46.8,26.0,0.4072402498000883,5
42,direct,1,SEL_05,raw__none__all,selector_configuration,none,all,,raw,catboost,native,10,"{""auto_class_weights"": null, ""depth"": 4, ""iterations"": 600, ""l2_leaf_reg"": 5.0, ""learning_rate"": 0.08}",0.4721671877745308,0.038249080753072935,0.19362318840579706,0.4602016776174767,0.6865384615384615,46.8,26.0,0.38521814980122143,5
42,direct,1,SEL_05,raw__none__all,selector_configuration,none,all,,raw,catboost,native,11,"{""auto_class_weights"": ""Balanced"", ""depth"": 4, ""iterations"": 600, ""l2_leaf_reg"": 5.0, ""learning_rate"": 0.08}",0.5191522366569984,0.02672880702414558,0.39256038647342995,0.5366490280942211,0.6394230769230769,46.8,26.0,0.39260154999938096,5
42,direct,1,SEL_05,raw__none__all,selector_configuration,none,all,,raw,catboost,native,12,"{""auto_class_weights"": null, ""depth"": 6, ""iterations"": 600, ""l2_leaf_reg"": 5.0, ""learning_rate"": 0.03}",0.47035669963049304,0.03366871396607401,0.16743961352657,0.45608887562959816,0.6961538461538461,46.8,26.0,1.156766966800933,5
42,direct,1,SEL_05,raw__none__all,selector_configuration,none,all,,raw,catboost,native,13,"{""auto_class_weights"": ""Balanced"", ""depth"": 6, ""iterations"": 600, ""l2_leaf_reg"": 5.0, ""learning_rate"": 0.03}",0.5299138583899926,0.025920068586359448,0.41420289855072456,0.550814354047667,0.6471153846153846,46.8,26.0,1.1413948500005062,5
42,direct,1,SEL_05,raw__none__all,selector_configuration,none,all,,raw,catboost,native,14,"{""auto_class_weights"": null, ""depth"": 6, ""iterations"": 600, ""l2_leaf_reg"": 5.0, ""learning_rate"": 0.08}",0.45739566889176075,0.04901948279202462,0.19362318840579706,0.4438055229114629,0.6875,46.8,26.0,1.1425418663995515,5
42,direct,1,SEL_05,raw__none__all,selector_configuration,none,all,,raw,catboost,native,15,"{""auto_class_weights"": ""Balanced"", ""depth"": 6, ""iterations"": 600, ""l2_leaf_reg"": 5.0, ""learning_rate"": 0.08}",0.4989355977352524,0.045185577560522626,0.3345893719806763,0.4970735114152138,0.6605769230769231,46.8,26.0,1.1748575084006005,5
42,direct,2,SEL_06,raw__corrected_fdr__q<=0.05,selector_configuration,corrected_fdr,q<=0.05,,raw,catboost,native,0,"{""auto_class_weights"": null, ""depth"": 4, ""iterations"": 300, ""l2_leaf_reg"": 5.0, ""learning_rate"": 0.03}",0.47694575420160457,0.04984196199699251,0.15014492753623185,0.4651174653746607,0.7105769230769231,29.0,20.0,0.41178117520103114,5
42,direct,2,SEL_06,raw__corrected_fdr__q<=0.05,selector_configuration,corrected_fdr,q<=0.05,,raw,catboost,native,1,"{""auto_class_weights"": ""Balanced"", ""depth"": 4, ""iterations"": 300, ""l2_leaf_reg"": 5.0, ""learning_rate"": 0.03}",0.5244684453399858,0.03013186080667421,0.4275362318840579,0.577223422287721,0.6192307692307691,29.0,20.0,0.41330592500016794,5
42,direct,2,SEL_06,raw__corrected_fdr__q<=0.05,selector_configuration,corrected_fdr,q<=0.05,,raw,catboost,native,2,"{""auto_class_weights"": null, ""depth"": 4, ""iterations"": 300, ""l2_leaf_reg"": 5.0, ""learning_rate"": 0.08}",0.49792419980231034,0.03699249579333548,0.19816425120772943,0.4817004192876819,0.7105769230769231,29.0,20.0,0.41090485000022453,5
42,direct,2,SEL_06,raw__corrected_fdr__q<=0.05,selector_configuration,corrected_fdr,q<=0.05,,raw,catboost,native,3,"{""auto_class_weights"": ""Balanced"", ""depth"": 4, ""iterations"": 300, ""l2_leaf_reg"": 5.0, ""learning_rate"": 0.08}",0.529331945094274,0.03676050231162225,0.4541062801932367,0.5628388549147888,0.6240384615384615,29.0,20.0,0.4110399249992042,5
42,direct,2,SEL_06,raw__corrected_fdr__q<=0.05,selector_configuration,corrected_fdr,q<=0.05,,raw,catboost,native,4,"{""auto_class_weights"": null, ""depth"": 6, ""iterations"": 300, ""l2_leaf_reg"": 5.0, ""learning_rate"": 0.03}",0.46448033936192135,0.0500203695218915,0.1369082125603864,0.45387654712210745,0.7057692307692307,29.0,20.0,0.7843343832006212,5
42,direct,2,SEL_06,raw__corrected_fdr__q<=0.05,selector_configuration,corrected_fdr,q<=0.05,,raw,catboost,native,5,"{""auto_class_weights"": ""Balanced"", ""depth"": 6, ""iterations"": 300, ""l2_leaf_reg"": 5.0, ""learning_rate"": 0.03}",0.5319123380784804,0.00895581402522711,0.46280193236714967,0.5745106668070539,0.6259615384615385,29.0,20.0,0.788700474799407,5
42,direct,2,SEL_06,raw__corrected_fdr__q<=0.05,selector_configuration,corrected_fdr,q<=0.05,,raw,catboost,native,6,"{""auto_class_weights"": null, ""depth"": 6, ""iterations"": 300, ""l2_leaf_reg"": 5.0, ""learning_rate"": 0.08}",0.49721431321385057,0.04257702435215286,0.2158454106280193,0.47571948792401947,0.7076923076923076,29.0,20.0,0.7879918750004435,5
42,direct,2,SEL_06,raw__corrected_fdr__q<=0.05,selector_configuration,corrected_fdr,q<=0.05,,raw,catboost,native,7,"{""auto_class_weights"": ""Balanced"", ""depth"": 6, ""iterations"": 300, ""l2_leaf_reg"": 5.0, ""learning_rate"": 0.08}",0.5278921420039672,0.04319882420255535,0.40560386473429944,0.5397157721958702,0.6567307692307692,29.0,20.0,0.7798660581996956,5
42,direct,2,SEL_06,raw__corrected_fdr__q<=0.05,selector_configuration,corrected_fdr,q<=0.05,,raw,catboost,native,8,"{""auto_class_weights"": null, ""depth"": 4, ""iterations"": 600, ""l2_leaf_reg"": 5.0, ""learning_rate"": 0.03}",0.49617849753285936,0.03797909139884616,0.18512077294685986,0.48016621150730154,0.7134615384615385,29.0,20.0,0.5759244165994459,5
42,direct,2,SEL_06,raw__corrected_fdr__q<=0.05,selector_configuration,corrected_fdr,q<=0.05,,raw,catboost,native,9,"{""auto_class_weights"": ""Balanced"", ""depth"": 4, ""iterations"": 600, ""l2_leaf_reg"": 5.0, ""learning_rate"": 0.03}",0.5220796802327867,0.03237308467189706,0.43652173913043474,0.5610022521535075,0.6163461538461539,29.0,20.0,0.5854748331999872,5
42,direct,2,SEL_06,raw__corrected_fdr__q<=0.05,selector_configuration,corrected_fdr,q<=0.05,,raw,catboost,native,10,"{""auto_class_weights"": null, ""depth"": 4, ""iterations"": 600, ""l2_leaf_reg"": 5.0, ""learning_rate"": 0.08}",0.5127904508032225,0.02537576144072401,0.23758454106280186,0.4920869783637696,0.7076923076923076,29.0,20.0,0.6470873917998687,5
42,direct,2,SEL_06,raw__corrected_fdr__q<=0.05,selector_configuration,corrected_fdr,q<=0.05,,raw,catboost,native,11,"{""auto_class_weights"": ""Balanced"", ""depth"": 4, ""iterations"": 600, ""l2_leaf_reg"": 5.0, ""learning_rate"": 0.08}",0.5336606143064268,0.03133853356232084,0.4143961352657005,0.5492779101780939,0.6490384615384615,29.0,20.0,0.6925683165994997,5
42,direct,2,SEL_06,raw__corrected_fdr__q<=0.05,selector_configuration,corrected_fdr,q<=0.05,,raw,catboost,native,12,"{""auto_class_weights"": null, ""depth"": 6, ""iterations"": 600, ""l2_leaf_reg"": 5.0, ""learning_rate"": 0.03}",0.49616431268436917,0.04364248044752533,0.19371980676328499,0.477767773946586,0.7163461538461539,29.0,20.0,1.3832875501997477,5
42,direct,2,SEL_06,raw__corrected_fdr__q<=0.05,selector_configuration,corrected_fdr,q<=0.05,,raw,catboost,native,13,"{""auto_class_weights"": ""Balanced"", ""depth"": 6, ""iterations"": 600, ""l2_leaf_reg"": 5.0, ""learning_rate"": 0.03}",0.5303952805238626,0.04009516381814645,0.4320772946859903,0.5482978152237185,0.6394230769230769,29.0,20.0,1.3666154163998727,5
42,direct,2,SEL_06,raw__corrected_fdr__q<=0.05,selector_configuration,corrected_fdr,q<=0.05,,raw,catboost,native,14,"{""auto_class_weights"": null, ""depth"": 6, ""iterations"": 600, ""l2_leaf_reg"": 5.0, ""learning_rate"": 0.08}",0.4802914696182342,0.04876666219254532,0.21594202898550718,0.46138745108738977,0.6951923076923077,29.0,20.0,1.3593675834003078,5
42,direct,2,SEL_06,raw__corrected_fdr__q<=0.05,selector_configuration,corrected_fdr,q<=0.05,,raw,catboost,native,15,"{""auto_class_weights"": ""Balanced"", ""depth"": 6, ""iterations"": 600, ""l2_leaf_reg"": 5.0, ""learning_rate"": 0.08}",0.5386155544983626,0.047359379109752124,0.38772946859903373,0.537904682466838,0.6846153846153846,29.0,20.0,1.335644141600642,5
42,stage_1,1,SEL_06,raw__corrected_fdr__q<=0.05,selector_configuration,corrected_fdr,q<=0.05,,raw,extra_trees,unscaled_dense,0,"{""class_weight"": null, ""max_depth"": null, ""min_samples_leaf"": 1, ""n_estimators"": 300}",0.653859299039088,0.01422962468601698,0.39319347319347314,0.6439226501198332,0.7365384615384615,29.0,20.0,0.2756148083994049,5
42,stage_1,1,SEL_06,raw__corrected_fdr__q<=0.05,selector_configuration,corrected_fdr,q<=0.05,,raw,extra_trees,unscaled_dense,1,"{""class_weight"": null, ""max_depth"": null, ""min_samples_leaf"": 5, ""n_estimators"": 300}",0.6633412474783711,0.03931094737414515,0.38079254079254077,0.6517869923503726,0.7519230769230769,29.0,20.0,0.2688219247989764,5
42,stage_1,1,SEL_06,raw__corrected_fdr__q<=0.05,selector_configuration,corrected_fdr,q<=0.05,,raw,extra_trees,unscaled_dense,2,"{""class_weight"": null, ""max_depth"": 6, ""min_samples_leaf"": 1, ""n_estimators"": 300}",0.6447944387309826,0.0543681378028507,0.34405594405594403,0.636235595390525,0.7442307692307693,29.0,20.0,0.26737083339976375,5
42,stage_1,1,SEL_06,raw__corrected_fdr__q<=0.05,selector_configuration,corrected_fdr,q<=0.05,,raw,extra_trees,unscaled_dense,3,"{""class_weight"": null, ""max_depth"": 6, ""min_samples_leaf"": 5, ""n_estimators"": 300}",0.6460060528050457,0.044274866548609425,0.335011655011655,0.637322630421222,0.7490384615384615,29.0,20.0,0.26908550859952807,5
42,stage_1,1,SEL_06,raw__corrected_fdr__q<=0.05,selector_configuration,corrected_fdr,q<=0.05,,raw,extra_trees,unscaled_dense,4,"{""class_weight"": ""balanced"", ""max_depth"": null, ""min_samples_leaf"": 1, ""n_estimators"": 300}",0.6577894342778946,0.01585173543337061,0.39006993006993007,0.6472756820644145,0.7423076923076923,29.0,20.0,0.27987190820131214,5
42,stage_1,1,SEL_06,raw__corrected_fdr__q<=0.05,selector_configuration,corrected_fdr,q<=0.05,,raw,extra_trees,unscaled_dense,5,"{""class_weight"": ""balanced"", ""max_depth"": null, ""min_samples_leaf"": 5, ""n_estimators"": 300}",0.6857984614722735,0.018805558525111413,0.6493706293706294,0.6976046488722545,0.7153846153846154,29.0,20.0,0.2749606081997626,5
42,stage_1,1,SEL_06,raw__corrected_fdr__q<=0.05,selector_configuration,corrected_fdr,q<=0.05,,raw,extra_trees,unscaled_dense,6,"{""class_weight"": ""balanced"", ""max_depth"": 6, ""min_samples_leaf"": 1, ""n_estimators"": 300}",0.6848075706264043,0.02052834586665678,0.624988344988345,0.6931304376374798,0.7182692307692308,29.0,20.0,0.27985888319963126,5
42,stage_1,1,SEL_06,raw__corrected_fdr__q<=0.05,selector_configuration,corrected_fdr,q<=0.05,,raw,extra_trees,unscaled_dense,7,"{""class_weight"": ""balanced"", ""max_depth"": 6, ""min_samples_leaf"": 5, ""n_estimators"": 300}",0.6823438313606319,0.013997768118928415,0.6433100233100233,0.6938651958370269,0.7125,29.0,20.0,0.2810184829984791,5
42,stage_1,2,SEL_06,raw__corrected_fdr__q<=0.05,selector_configuration,corrected_fdr,q<=0.05,,raw,hist_gradient_boosting,native,0,"{""class_weight"": null, ""l2_regularization"": 0.0, ""learning_rate"": 0.05, ""max_leaf_nodes"": 15}",0.666714509030756,0.04790422132966327,0.4481118881118881,0.6573909189402147,0.7346153846153846,29.0,20.0,0.573000366800261,5
42,stage_1,2,SEL_06,raw__corrected_fdr__q<=0.05,selector_configuration,corrected_fdr,q<=0.05,,raw,hist_gradient_boosting,native,1,"{""class_weight"": null, ""l2_regularization"": 0.0, ""learning_rate"": 0.05, ""max_leaf_nodes"": 31}",0.6620790798467964,0.05256712618001911,0.4358508158508158,0.65265898420828,0.7326923076923076,29.0,20.0,0.9589699831994949,5
42,stage_1,2,SEL_06,raw__corrected_fdr__q<=0.05,selector_configuration,corrected_fdr,q<=0.05,,raw,hist_gradient_boosting,native,2,"{""class_weight"": null, ""l2_regularization"": 0.0, ""learning_rate"": 0.1, ""max_leaf_nodes"": 15}",0.6555309887358304,0.04293485565654273,0.4482051282051282,0.6483023080206178,0.7221153846153847,29.0,20.0,0.5624441166000906,5
42,stage_1,2,SEL_06,raw__corrected_fdr__q<=0.05,selector_configuration,corrected_fdr,q<=0.05,,raw,hist_gradient_boosting,native,3,"{""class_weight"": null, ""l2_regularization"": 0.0, ""learning_rate"": 0.1, ""max_leaf_nodes"": 31}",0.6529043549864293,0.028500285881380902,0.439020979020979,0.6451088348271447,0.7211538461538461,29.0,20.0,0.9254569750009978,5
42,stage_1,2,SEL_06,raw__corrected_fdr__q<=0.05,selector_configuration,corrected_fdr,q<=0.05,,raw,hist_gradient_boosting,native,4,"{""class_weight"": null, ""l2_regularization"": 1.0, ""learning_rate"": 0.05, ""max_leaf_nodes"": 15}",0.6680291117879824,0.04121711695803772,0.44508158508158513,0.658677894875078,0.7375,29.0,20.0,0.576488241799234,5
42,stage_1,2,SEL_06,raw__corrected_fdr__q<=0.05,selector_configuration,corrected_fdr,q<=0.05,,raw,hist_gradient_boosting,native,5,"{""class_weight"": null, ""l2_regularization"": 1.0, ""learning_rate"": 0.05, ""max_leaf_nodes"": 31}",0.6751182144219776,0.0481657043460184,0.46032634032634034,0.6655861978397191,0.7413461538461539,29.0,20.0,0.9044886581992614,5
42,stage_1,2,SEL_06,raw__corrected_fdr__q<=0.05,selector_configuration,corrected_fdr,q<=0.05,,raw,hist_gradient_boosting,native,6,"{""class_weight"": null, ""l2_regularization"": 1.0, ""learning_rate"": 0.1, ""max_leaf_nodes"": 15}",0.6612874308833538,0.06128553917584499,0.44498834498834505,0.6530073213171805,0.7298076923076924,29.0,20.0,0.5654680252002435,5
42,stage_1,2,SEL_06,raw__corrected_fdr__q<=0.05,selector_configuration,corrected_fdr,q<=0.05,,raw,hist_gradient_boosting,native,7,"{""class_weight"": null, ""l2_regularization"": 1.0, ""learning_rate"": 0.1, ""max_leaf_nodes"": 31}",0.672014021259303,0.04121457005317444,0.4662470862470863,0.6629275419416265,0.7355769230769231,29.0,20.0,0.8912160166000831,5
42,stage_1,2,SEL_06,raw__corrected_fdr__q<=0.05,selector_configuration,corrected_fdr,q<=0.05,,raw,hist_gradient_boosting,native,8,"{""class_weight"": ""balanced"", ""l2_regularization"": 0.0, ""learning_rate"": 0.05, ""max_leaf_nodes"": 15}",0.687264483397787,0.022016180021964173,0.6218648018648019,0.694390492136971,0.7211538461538461,29.0,20.0,0.5756580168002984,5
42,stage_1,2,SEL_06,raw__corrected_fdr__q<=0.05,selector_configuration,corrected_fdr,q<=0.05,,raw,hist_gradient_boosting,native,9,"{""class_weight"": ""balanced"", ""l2_regularization"": 0.0, ""learning_rate"": 0.05, ""max_leaf_nodes"": 31}",0.661918870949711,0.04057310049496261,0.5425641025641026,0.662466922748613,0.7067307692307693,29.0,20.0,0.9349700332000793,5
42,stage_1,2,SEL_06,raw__corrected_fdr__q<=0.05,selector_configuration,corrected_fdr,q<=0.05,,raw,hist_gradient_boosting,native,10,"{""class_weight"": ""balanced"", ""l2_regularization"": 0.0, ""learning_rate"": 0.1, ""max_leaf_nodes"": 15}",0.6754064697691082,0.0336226676178591,0.567086247086247,0.6768357464132112,0.7173076923076923,29.0,20.0,0.5632444085997121,5
42,stage_1,2,SEL_06,raw__corrected_fdr__q<=0.05,selector_configuration,corrected_fdr,q<=0.05,,raw,hist_gradient_boosting,native,11,"{""class_weight"": ""balanced"", ""l2_regularization"": 0.0, ""learning_rate"": 0.1, ""max_leaf_nodes"": 31}",0.6736177240777861,0.03935677043230181,0.5121212121212121,0.669007518303293,0.7269230769230769,29.0,20.0,0.9307584333990235,5
42,stage_1,2,SEL_06,raw__corrected_fdr__q<=0.05,selector_configuration,corrected_fdr,q<=0.05,,raw,hist_gradient_boosting,native,12,"{""class_weight"": ""balanced"", ""l2_regularization"": 1.0, ""learning_rate"": 0.05, ""max_leaf_nodes"": 15}",0.6900814376075382,0.03647508596253329,0.6462470862470863,0.700268229423159,0.7201923076923077,29.0,20.0,0.5886772828001995,5
42,stage_1,2,SEL_06,raw__corrected_fdr__q<=0.05,selector_configuration,corrected_fdr,q<=0.05,,raw,hist_gradient_boosting,native,13,"{""class_weight"": ""balanced"", ""l2_regularization"": 1.0, ""learning_rate"": 0.05, ""max_leaf_nodes"": 31}",0.6812167907713569,0.02706845712991403,0.5884848484848485,0.6847329196624972,0.7201923076923077,29.0,20.0,0.8934730500004662,5
42,stage_1,2,SEL_06,raw__corrected_fdr__q<=0.05,selector_configuration,corrected_fdr,q<=0.05,,raw,hist_gradient_boosting,native,14,"{""class_weight"": ""balanced"", ""l2_regularization"": 1.0, ""learning_rate"": 0.1, ""max_leaf_nodes"": 15}",0.6874247251556447,0.03544217681612053,0.5791608391608392,0.6884969959617846,0.7288461538461538,29.0,20.0,0.5700691914003982,5
42,stage_1,2,SEL_06,raw__corrected_fdr__q<=0.05,selector_configuration,corrected_fdr,q<=0.05,,raw,hist_gradient_boosting,native,15,"{""class_weight"": ""balanced"", ""l2_regularization"": 1.0, ""learning_rate"": 0.1, ""max_leaf_nodes"": 31}",0.6698169648367489,0.03188764928215811,0.5304428904428905,0.6676345250993139,0.7182692307692308,29.0,20.0,0.9000688416010234,5
42,stage_2,1,SEL_07,raw__extra_trees__threshold=median,selector_configuration,extra_trees,threshold=median,,raw,random_forest,unscaled_dense,0,"{""class_weight"": null, ""max_depth"": null, ""min_samples_leaf"": 1, ""n_estimators"": 300}",0.6863143815128302,0.027458093912168417,0.8858937198067632,0.6755659075224292,0.7560839160839161,25.0,13.0,0.22993294199986844,5
42,stage_2,1,SEL_07,raw__extra_trees__threshold=median,selector_configuration,extra_trees,threshold=median,,raw,random_forest,unscaled_dense,1,"{""class_weight"": null, ""max_depth"": null, ""min_samples_leaf"": 5, ""n_estimators"": 300}",0.6575734489740762,0.011259418881925916,0.9079227053140096,0.6472946859903381,0.7470396270396271,25.0,13.0,0.2215083002018218,5
42,stage_2,1,SEL_07,raw__extra_trees__threshold=median,selector_configuration,extra_trees,threshold=median,,raw,random_forest,unscaled_dense,2,"{""class_weight"": null, ""max_depth"": 6, ""min_samples_leaf"": 1, ""n_estimators"": 300}",0.6485497581650014,0.023972516012509788,0.9034782608695652,0.640072463768116,0.7408857808857808,25.0,13.0,0.22440375839942134,5
42,stage_2,1,SEL_07,raw__extra_trees__threshold=median,selector_configuration,extra_trees,threshold=median,,raw,random_forest,unscaled_dense,3,"{""class_weight"": null, ""max_depth"": 6, ""min_samples_leaf"": 5, ""n_estimators"": 300}",0.6575734489740762,0.011259418881925916,0.9079227053140096,0.6472946859903381,0.7470396270396271,25.0,13.0,0.2155098750001343,5
42,stage_2,1,SEL_07,raw__extra_trees__threshold=median,selector_configuration,extra_trees,threshold=median,,raw,random_forest,unscaled_dense,4,"{""class_weight"": ""balanced"", ""max_depth"": null, ""min_samples_leaf"": 1, ""n_estimators"": 300}",0.6579273453119253,0.0292478434231028,0.8991304347826088,0.6476604554865425,0.743962703962704,25.0,13.0,0.22851752499991557,5
42,stage_2,1,SEL_07,raw__extra_trees__threshold=median,selector_configuration,extra_trees,threshold=median,,raw,random_forest,unscaled_dense,5,"{""class_weight"": ""balanced"", ""max_depth"": null, ""min_samples_leaf"": 5, ""n_estimators"": 300}",0.694467565715889,0.04523117272657843,0.7933333333333333,0.6983333333333334,0.7349184149184149,25.0,13.0,0.2180898833990795,5
42,stage_2,1,SEL_07,raw__extra_trees__threshold=median,selector_configuration,extra_trees,threshold=median,,raw,random_forest,unscaled_dense,6,"{""class_weight"": ""balanced"", ""max_depth"": 6, ""min_samples_leaf"": 1, ""n_estimators"": 300}",0.6920131222222928,0.04465507096218151,0.855072463768116,0.6849171842650104,0.7501165501165501,25.0,13.0,0.22076388299974492,5
42,stage_2,1,SEL_07,raw__extra_trees__threshold=median,selector_configuration,extra_trees,threshold=median,,raw,random_forest,unscaled_dense,7,"{""class_weight"": ""balanced"", ""max_depth"": 6, ""min_samples_leaf"": 5, ""n_estimators"": 300}",0.6931696700845226,0.05130585867076675,0.7845410628019324,0.6989371980676328,0.731888111888112,25.0,13.0,0.23229254979960384,5
42,stage_2,2,SEL_07,raw__extra_trees__threshold=median,selector_configuration,extra_trees,threshold=median,,raw,extra_trees,unscaled_dense,0,"{""class_weight"": null, ""max_depth"": null, ""min_samples_leaf"": 1, ""n_estimators"": 300}",0.6604767084643246,0.057551488355398674,0.8857971014492755,0.6507556935817805,0.7409324009324009,25.0,13.0,0.19908117500017392,5
42,stage_2,2,SEL_07,raw__extra_trees__threshold=median,selector_configuration,extra_trees,threshold=median,,raw,extra_trees,unscaled_dense,1,"{""class_weight"": null, ""max_depth"": null, ""min_samples_leaf"": 5, ""n_estimators"": 300}",0.6256527735335591,0.050942169400938896,0.912270531400966,0.6192305037957212,0.7317482517482518,25.0,13.0,0.193712833400059,5
42,stage_2,2,SEL_07,raw__extra_trees__threshold=median,selector_configuration,extra_trees,threshold=median,,raw,extra_trees,unscaled_dense,2,"{""class_weight"": null, ""max_depth"": 6, ""min_samples_leaf"": 1, ""n_estimators"": 300}",0.62818940345769,0.041883029635982914,0.9166183574879228,0.6214044168391994,0.7347319347319348,25.0,13.0,0.1891451414005132,5
42,stage_2,2,SEL_07,raw__extra_trees__threshold=median,selector_configuration,extra_trees,threshold=median,,raw,extra_trees,unscaled_dense,3,"{""class_weight"": null, ""max_depth"": 6, ""min_samples_leaf"": 5, ""n_estimators"": 300}",0.5979667231858098,0.022391696100574125,0.9166183574879228,0.5968806073153899,0.7195337995337996,25.0,13.0,0.1914692418002232,5
42,stage_2,2,SEL_07,raw__extra_trees__threshold=median,selector_configuration,extra_trees,threshold=median,,raw,extra_trees,unscaled_dense,4,"{""class_weight"": ""balanced"", ""max_depth"": null, ""min_samples_leaf"": 1, ""n_estimators"": 300}",0.6504336923168055,0.05242573170514989,0.8857971014492755,0.6407556935817805,0.7348717948717949,25.0,13.0,0.20365064139841701,5
42,stage_2,2,SEL_07,raw__extra_trees__threshold=median,selector_configuration,extra_trees,threshold=median,,raw,extra_trees,unscaled_dense,5,"{""class_weight"": ""balanced"", ""max_depth"": null, ""min_samples_leaf"": 5, ""n_estimators"": 300}",0.6805263262488628,0.045960810340548275,0.7625120772946861,0.6881608005521048,0.7166433566433567,25.0,13.0,0.1949137249990599,5
42,stage_2,2,SEL_07,raw__extra_trees__threshold=median,selector_configuration,extra_trees,threshold=median,,raw,extra_trees,unscaled_dense,6,"{""class_weight"": ""balanced"", ""max_depth"": 6, ""min_samples_leaf"": 1, ""n_estimators"": 300}",0.6834793992947281,0.02970614392321076,0.788888888888889,0.6865873015873015,0.7256410256410256,25.0,13.0,0.20019315820027256,5
42,stage_2,2,SEL_07,raw__extra_trees__threshold=median,selector_configuration,extra_trees,threshold=median,,raw,extra_trees,unscaled_dense,7,"{""class_weight"": ""balanced"", ""max_depth"": 6, ""min_samples_leaf"": 5, ""n_estimators"": 300}",0.6860220900932542,0.05421810800198219,0.7581642512077295,0.6957487922705313,0.7197202797202797,25.0,13.0,0.19341865840033273,5
