feature,descriptive_name,role,partitions,median_observed_n,median_missing_n,median_raw_p,median_adjusted_q,fdr_significant_partitions,fdr_significant_fraction,most_common_test,effect_size_metric,common_test_partitions,common_test_fraction,common_test_median_effect,common_test_effect_q1,common_test_effect_q3
NQ_GAUSSIAN_REVISION,Neuro-QoL Gaussian mobility score (8 items),continuous_or_scale,100,545.5,37.0,1.2663659120309045e-19,1.2763750683183225e-18,100,1.0,kruskal_wallis,epsilon_squared,100,1.0,0.15609829498108085,0.14304886015224186,0.16949901048670146
FRZGT12M,Freezing of gait severity,ordinal,100,546.0,36.0,3.5422766570531997e-19,3.033083961256839e-18,100,1.0,kruskal_wallis,epsilon_squared,100,1.0,0.15280783128304765,0.13754076959168565,0.171174440925226
NHY_COMBINED_MAX,"Hoehn–Yahr stage, combined states",ordinal,100,582.0,0.0,5.506991447276522e-20,8.89163953587278e-19,100,1.0,kruskal_wallis,epsilon_squared,100,1.0,0.14961632735466254,0.1349783933721314,0.16696419675969726
NP3GAIT_COMBINED_MAX,"Part III gait, combined states",ordinal,100,582.0,0.0,8.881667311268967e-18,6.261473206575892e-17,100,1.0,kruskal_wallis,epsilon_squared,100,1.0,0.13194332020549027,0.11540992205506945,0.1425126353456794
NP3PSTBL_COMBINED_MAX,"Part III postural stability, combined states",ordinal,100,582.0,0.0,2.2565613089083485e-15,1.0793487634236075e-14,100,1.0,kruskal_wallis,epsilon_squared,100,1.0,0.11297666019811393,0.10232105165679668,0.12790627728057086
Years_since_PD_diagnosis,Years since PD diagnosis,continuous_or_scale,100,582.0,0.0,6.541485996917327e-15,2.5420814584343735e-14,100,1.0,kruskal_wallis,epsilon_squared,100,1.0,0.10933880536529966,0.09686931882054543,0.11894100149602571
NP4TOT,MDS-UPDRS Part IV complications total,continuous_or_scale,100,456.5,126.0,6.207584783271085e-12,1.6170393880428893e-11,100,1.0,kruskal_wallis,epsilon_squared,100,1.0,0.10873940861895595,0.09791256914817337,0.12207308423375901
NP1RTOT,MDS-UPDRS Part I rater total,continuous_or_scale,100,582.0,0.0,4.391612573773457e-14,1.5709233892982407e-13,100,1.0,kruskal_wallis,epsilon_squared,100,1.0,0.10278693730243807,0.09698464671139666,0.11530238108760725
NP3TOT_COMBINED_MAX,"MDS-UPDRS Part III motor total, combined states",continuous_or_scale,100,582.0,0.0,8.443552665625929e-13,2.9361458676844015e-12,100,1.0,kruskal_wallis,epsilon_squared,100,1.0,0.0924152185862433,0.08327022696932389,0.10576041498885135
NP1CNST,Constipation severity,ordinal,100,582.0,0.0,1.1597789927263732e-12,3.279796848932285e-12,100,1.0,kruskal_wallis,epsilon_squared,100,1.0,0.09137252415771244,0.08311725276484265,0.09977575895409503
NP1URIN,Urinary problems,ordinal,100,582.0,0.0,3.505804117524491e-11,9.115090705563677e-11,100,1.0,kruskal_wallis,epsilon_squared,100,1.0,0.07964295874212368,0.068275323342686,0.09003370457013513
NP1SLPD,Daytime sleepiness,ordinal,100,582.0,0.0,5.582197820825266e-09,1.1590001872960677e-08,100,1.0,kruskal_wallis,epsilon_squared,100,1.0,0.06220143547733924,0.052320768735824356,0.07212391214921493
GDS_TOTAL,GDS-15 depression total,continuous_or_scale,100,582.0,0.0,7.69232400199019e-08,1.5247974402075543e-07,100,1.0,kruskal_wallis,epsilon_squared,100,1.0,0.053074657101387986,0.044574379080439375,0.059774688067493524
Age,Age at landmark,continuous_or_scale,100,582.0,0.0,3.001587342429544e-07,5.403556337610892e-07,100,1.0,kruskal_wallis,epsilon_squared,100,1.0,0.048394479098293565,0.03979892723616785,0.05645995569931034
SCAU14,Lightheaded after standing,ordinal,100,582.0,0.0,7.232877185626824e-07,1.288978848573404e-06,100,1.0,kruskal_wallis,epsilon_squared,100,1.0,0.04546619663272046,0.03731749396056188,0.05266789806734683
MCATOT,MoCA total score,continuous_or_scale,100,582.0,0.0,5.633810580204063e-05,8.874993994927347e-05,100,1.0,kruskal_wallis,epsilon_squared,100,1.0,0.030318894546187632,0.02357582907065281,0.041240025509871825
SCAU16,Fainting,ordinal,100,582.0,0.0,0.0012815725668686656,0.001960052161093253,86,0.86,kruskal_wallis,epsilon_squared,100,1.0,0.019535237071469473,0.01212088127375848,0.02573873800251726
DOPTHERST,Dopaminergic therapy started,nominal,100,469.0,113.5,0.03249227700654468,0.04514333989148335,52,0.52,chi_square,bias_corrected_cramers_v,100,1.0,0.10217444982675389,0.08136644002527567,0.12394755572983265
FEATPOSHYP,Postural hypotension clinical feature,nominal,100,582.0,0.0,0.047,0.06431578947368422,39,0.39,chi_square_permutation,bias_corrected_cramers_v,100,1.0,0.06873152794464088,0.04854844723545877,0.08004965702724752
ANYFAMPD,Family history of Parkinson's disease,nominal,100,548.0,34.5,0.0988002806466075,0.12844036484058974,27,0.27,chi_square,bias_corrected_cramers_v,100,1.0,0.06918840561763825,0.04448476228954714,0.09322853292041536
DXBRADY,Bradykinesia at diagnosis,nominal,100,582.0,0.0,0.2509372504344195,0.2849857097154953,6,0.06,chi_square,bias_corrected_cramers_v,90,0.9,0.03432790631372827,0.0,0.053603893543853
BMI,Body mass index,continuous_or_scale,100,582.0,0.0,0.3129595730354403,0.36758818076695743,3,0.03,kruskal_wallis,epsilon_squared,100,1.0,0.0005590130829293782,0.0,0.002710678709386175
DXPOSINS,Postural instability at diagnosis,nominal,100,582.0,1.0,0.3175,0.36513043478260865,2,0.02,chi_square_permutation,bias_corrected_cramers_v,59,0.59,0.015005155097594397,0.0,0.045831257275819715
DXRIGID,Rigidity at diagnosis,nominal,100,582.0,0.0,0.46613737356738505,0.5202475199566474,1,0.01,chi_square,bias_corrected_cramers_v,100,1.0,0.0,0.0,0.03228108195437235
DOMSIDE,Predominantly affected side at onset,nominal,100,582.0,0.0,0.471,0.49712,0,0.0,chi_square_permutation,bias_corrected_cramers_v,100,1.0,0.0,0.0,0.03695989243658889
DXTREMOR,Resting tremor at diagnosis,nominal,100,582.0,0.0,0.5865,0.6177600000000001,0,0.0,chi_square_permutation,bias_corrected_cramers_v,100,1.0,0.0,0.0,0.014946975989196564
