split_seed,target,configuration_id,pipeline_key,candidate_kind,selector,selector_parameter,branch,branch_kind,model_family,backend,mean_macro_f1,sd_macro_f1,mean_priority_recall,mean_balanced_accuracy,mean_accuracy,mean_selected_columns,mean_selected_groups,mean_fit_seconds,inner_folds,retained_rank
0,direct,ENG_03,engineering__INT_DURATION_X_MOTOR,engineered_representation,none,all,INT_DURATION_X_MOTOR,interaction,catboost,scaled_dense,0.5186547557120337,0.05357629965330262,0.4395161290322581,0.5508084066471163,0.6208597071327351,47.8,27.0,0.23073760040060734,5,1
0,direct,ENG_01,engineering__INT_GAIT_X_POSTURAL_STABILITY,engineered_representation,none,all,INT_GAIT_X_POSTURAL_STABILITY,interaction,catboost,scaled_dense,0.5249125473241396,0.053177454112252956,0.4274193548387097,0.5589531567596084,0.6263486065186584,47.8,27.0,0.23542722479978692,5,2
0,stage_1,ENG_06,engineering__PCA_PART_I_PATIENT_3_90,engineered_representation,none,all,PCA_PART_I_PATIENT_3_90,pca,rbf_svc,scaled_dense,0.6774972937647333,0.0313351601913387,0.6391304347826087,0.6890601668862538,0.7073878129428437,46.8,27.0,0.0668482833993039,5,1
0,stage_1,ENG_07,engineering__PCA_PART_I_PATIENT_3_95,engineered_representation,none,all,PCA_PART_I_PATIENT_3_95,pca,rbf_svc,scaled_dense,0.6774972937647333,0.0313351601913387,0.6391304347826087,0.6890601668862538,0.7073878129428437,46.8,27.0,0.06860509179969085,5,2
0,stage_2,ENG_06,engineering__PCA_PART_I_PATIENT_3_90,engineered_representation,none,all,PCA_PART_I_PATIENT_3_90,pca,lightgbm,scaled_dense,0.6766622967749256,0.03690372834983882,0.8300403225806452,0.6745439708141321,0.7347826086956522,45.0,27.0,0.16419855000058306,5,1
0,stage_2,ENG_06,engineering__PCA_PART_I_PATIENT_3_90,engineered_representation,none,all,PCA_PART_I_PATIENT_3_90,pca,random_forest,scaled_dense,0.6639733864569057,0.036454635033405035,0.7987903225806452,0.6670142089093701,0.717391304347826,45.0,27.0,0.2646517668006709,5,2
1,direct,SEL_06,raw__corrected_fdr__q<=0.05,selector_configuration,corrected_fdr,q<=0.05,,raw,catboost,native,0.5406968612812342,0.024548909119383195,0.4838709677419355,0.5836048968952194,0.6332262635805386,26.6,19.2,0.33410159180129995,5,1
1,direct,SEL_08,raw__extra_trees__threshold=1.25*median,selector_configuration,extra_trees,threshold=1.25*median,,raw,random_forest,unscaled_dense,0.5220433381136218,0.03528877954162749,0.3959677419354839,0.559097472420053,0.616769012753897,14.4,9.8,0.2792439749995538,5,2
1,stage_1,SEL_08,raw__extra_trees__threshold=1.25*median,selector_configuration,extra_trees,threshold=1.25*median,,raw,extra_trees,unscaled_dense,0.6934489667956242,0.03139480958499194,0.6739130434782609,0.7074514712340799,0.7198110533774209,14.8,10.6,0.23376731680036755,5,1
1,stage_1,ENG_04,engineering__INT_MOBILITY_X_POSTURAL_STABILITY,engineered_representation,none,all,INT_MOBILITY_X_POSTURAL_STABILITY,interaction,random_forest,scaled_dense,0.6935566584701409,0.04139264722375931,0.6217391304347826,0.6994958278436539,0.7280869154463864,47.8,27.0,0.2874275501999364,5,2
1,stage_2,SEL_06,raw__corrected_fdr__q<=0.05,selector_configuration,corrected_fdr,q<=0.05,,raw,random_forest,unscaled_dense,0.711853103909294,0.05663042569765978,0.7985887096774194,0.7164372119815667,0.7478260869565218,14.6,11.8,0.31643976679843033,5,1
1,stage_2,SEL_06,raw__corrected_fdr__q<=0.05,selector_configuration,corrected_fdr,q<=0.05,,raw,extra_trees,unscaled_dense,0.7214159365822425,0.06415225135463598,0.7671370967741936,0.7359495007680492,0.7478260869565218,14.6,11.8,0.2814819165992958,5,2
2,direct,SEL_08,raw__extra_trees__threshold=1.25*median,selector_configuration,extra_trees,threshold=1.25*median,,raw,random_forest,unscaled_dense,0.5348287812230937,0.029413790865640457,0.4403225806451613,0.5840738568480504,0.6222201228153047,13.8,9.2,0.2760161497993977,5,1
2,direct,SEL_07,raw__extra_trees__threshold=median,selector_configuration,extra_trees,threshold=median,,raw,random_forest,unscaled_dense,0.5358855960856903,0.030726619255104483,0.4149193548387097,0.5744267017331535,0.6304581955597544,21.4,13.0,0.2875772833998781,5,2
2,stage_1,SEL_03,raw__l1__C=0.1,selector_configuration,l1,C=0.1,,raw,rbf_svc,scaled_dense,0.66818196822734,0.037739994849681414,0.6304347826086957,0.6797123407992973,0.6978271138403401,21.8,14.8,0.316774116599845,5,1
2,stage_1,ENG_04,engineering__INT_MOBILITY_X_POSTURAL_STABILITY,engineered_representation,none,all,INT_MOBILITY_X_POSTURAL_STABILITY,interaction,catboost,scaled_dense,0.6762338476369547,0.024769531029440423,0.6130434782608696,0.6839863855950813,0.710127538970241,47.0,27.0,0.18076810839993412,5,2
2,stage_2,SEL_07,raw__extra_trees__threshold=median,selector_configuration,extra_trees,threshold=median,,raw,hist_gradient_boosting,native,0.7116591967331581,0.05450154811695988,0.7983870967741936,0.7158602150537634,0.7478260869565216,23.2,13.0,0.2655573000003642,5,1
2,stage_2,SEL_07,raw__extra_trees__threshold=median,selector_configuration,extra_trees,threshold=median,,raw,lightgbm,native,0.6944116843444401,0.04245767599304507,0.811491935483871,0.694317396313364,0.7391304347826086,23.2,13.0,0.21063847479963443,5,2
3,direct,SEL_07,raw__extra_trees__threshold=median,selector_configuration,extra_trees,threshold=median,,raw,random_forest,unscaled_dense,0.5476672641889989,0.03628957263206893,0.4348790322580645,0.5931972916569691,0.6263769485120454,22.0,13.0,0.28343361659935906,5,1
3,direct,SEL_08,raw__extra_trees__threshold=1.25*median,selector_configuration,extra_trees,threshold=1.25*median,,raw,random_forest,unscaled_dense,0.536788904090316,0.04127117432143321,0.4348790322580645,0.5822882007478781,0.6195087387812943,17.2,10.6,0.2810639331997663,5,2
3,stage_1,SEL_03,raw__l1__C=0.1,selector_configuration,l1,C=0.1,,raw,extra_trees,unscaled_dense,0.6868333160274809,0.05687912809091013,0.6695652173913043,0.7022472551602986,0.714189891355692,22.0,14.4,0.17979341660102363,5,1
3,stage_1,SEL_08,raw__extra_trees__threshold=1.25*median,selector_configuration,extra_trees,threshold=1.25*median,,raw,random_forest,unscaled_dense,0.6832694250188209,0.0619905573886441,0.6608695652173913,0.6979196310935442,0.7114501653282947,13.2,10.2,0.2608937413999229,5,2
3,stage_2,SEL_08,raw__extra_trees__threshold=1.25*median,selector_configuration,extra_trees,threshold=1.25*median,,raw,hist_gradient_boosting,native,0.723435421495014,0.0423449845592024,0.7985887096774194,0.7307229262672811,0.7565217391304347,19.8,11.0,0.27662750000017694,5,1
3,stage_2,SEL_08,raw__extra_trees__threshold=1.25*median,selector_configuration,extra_trees,threshold=1.25*median,,raw,catboost,native,0.7050351064814848,0.054307408444946546,0.8175403225806452,0.7044844470046082,0.7478260869565218,19.8,11.0,0.14839458340065903,5,2
4,direct,ENG_02,engineering__INT_MOTOR_X_COGNITION,engineered_representation,none,all,INT_MOTOR_X_COGNITION,interaction,catboost,scaled_dense,0.5146890896409431,0.07142369927019032,0.3969758064516129,0.549015985507921,0.626452527161077,47.8,27.0,0.22792993320108507,5,1
4,direct,SEL_07,raw__extra_trees__threshold=median,selector_configuration,extra_trees,threshold=median,,raw,random_forest,unscaled_dense,0.51449989994279,0.041940905807160395,0.3655241935483871,0.5490717970798615,0.6250354274917336,22.6,13.0,0.2739054831996327,5,2
4,stage_1,SEL_03,raw__l1__C=0.1,selector_configuration,l1,C=0.1,,raw,catboost,native,0.7004508002598232,0.05293305455750773,0.6478260869565218,0.7104281949934124,0.7335285781766652,19.6,13.8,0.13167337479972047,5,1
4,stage_1,SEL_03,raw__l1__C=0.1,selector_configuration,l1,C=0.1,,raw,random_forest,unscaled_dense,0.6965035133805958,0.041229812985966355,0.6304347826086957,0.7037830478700043,0.7308171941426547,19.6,13.8,0.27802095840015684,5,2
4,stage_2,SEL_07,raw__extra_trees__threshold=median,selector_configuration,extra_trees,threshold=median,,raw,rbf_svc,scaled_dense,0.6768006822612086,0.045509445233101346,0.730241935483871,0.6975019201228878,0.708695652173913,25.6,13.0,0.12013092480046908,5,1
4,stage_2,ENG_05,engineering__PCA_PART_I_PATIENT_3_80,engineered_representation,none,all,PCA_PART_I_PATIENT_3_80,pca,random_forest,scaled_dense,0.65655879846525,0.04082093726101755,0.786491935483871,0.6618173963133641,0.708695652173913,44.8,27.0,0.2744972999993479,5,2
5,direct,SEL_08,raw__extra_trees__threshold=1.25*median,selector_configuration,extra_trees,threshold=1.25*median,,raw,random_forest,unscaled_dense,0.5314930261551049,0.041126278030891715,0.4467741935483871,0.5579694642275287,0.6469154463863959,15.6,9.2,0.30331352499997594,5,1
5,direct,SEL_06,raw__corrected_fdr__q<=0.05,selector_configuration,corrected_fdr,q<=0.05,,raw,random_forest,unscaled_dense,0.5285663374620204,0.02993765866025464,0.4026209677419355,0.5492517222920449,0.6496551724137931,24.2,18.4,0.42201960819948,5,2
5,stage_1,SEL_08,raw__extra_trees__threshold=1.25*median,selector_configuration,extra_trees,threshold=1.25*median,,raw,random_forest,unscaled_dense,0.6826077290055388,0.029597439398400316,0.6434782608695653,0.6941633728590251,0.7128389230042513,16.2,11.6,0.2758013584010769,5,1
5,stage_1,SEL_08,raw__extra_trees__threshold=1.25*median,selector_configuration,extra_trees,threshold=1.25*median,,raw,logistic,scaled_dense,0.6820089852645629,0.021425458099212917,0.6217391304347826,0.6903241106719368,0.7156258856872932,16.2,11.6,0.10955577480053762,5,2
5,stage_2,SEL_06,raw__corrected_fdr__q<=0.05,selector_configuration,corrected_fdr,q<=0.05,,raw,rbf_svc,scaled_dense,0.6778282358208003,0.07865655430365007,0.7487903225806452,0.6915380184331796,0.7130434782608696,9.4,7.2,0.159522174999438,5,1
5,stage_2,SEL_05,raw__none__all,selector_configuration,none,all,,raw,random_forest,unscaled_dense,0.6572566557926145,0.08204562852726377,0.8306451612903226,0.6553225806451614,0.7217391304347827,46.0,26.0,0.27221499160077656,5,2
6,direct,SEL_06,raw__corrected_fdr__q<=0.05,selector_configuration,corrected_fdr,q<=0.05,,raw,random_forest,unscaled_dense,0.559613300962619,0.03685497207216032,0.4586693548387097,0.589338077394529,0.6497213037316958,30.2,20.4,0.4332290163991274,5,1
6,direct,SEL_03,raw__l1__C=0.1,selector_configuration,l1,C=0.1,,raw,random_forest,unscaled_dense,0.5448479253108143,0.039835097779793396,0.427016129032258,0.5756691570078667,0.6442040623523855,38.0,21.8,0.2929488832000061,5,2
6,stage_1,ENG_02,engineering__INT_MOTOR_X_COGNITION,engineered_representation,none,all,INT_MOTOR_X_COGNITION,interaction,random_forest,scaled_dense,0.698709964899425,0.03345604338320179,0.6434782608695653,0.7072643829600351,0.7307132735002362,47.8,27.0,0.2716770083992742,5,1
6,stage_1,SEL_03,raw__l1__C=0.1,selector_configuration,l1,C=0.1,,raw,extra_trees,unscaled_dense,0.6885687441431717,0.03344614131955714,0.6608695652173913,0.7019196310935442,0.716976854038734,23.2,16.2,0.1786103334008658,5,2
6,stage_2,SEL_07,raw__extra_trees__threshold=median,selector_configuration,extra_trees,threshold=median,,raw,random_forest,unscaled_dense,0.6965185843479791,0.06662809933396995,0.7856854838709678,0.7023665514592934,0.7347826086956522,24.2,13.0,0.2267770582002413,5,1
6,stage_2,SEL_06,raw__corrected_fdr__q<=0.05,selector_configuration,corrected_fdr,q<=0.05,,raw,random_forest,unscaled_dense,0.682594225454395,0.07130242834116736,0.8044354838709677,0.6836463133640553,0.7304347826086957,18.2,14.0,0.3352791666002304,5,2
7,direct,SEL_08,raw__extra_trees__threshold=1.25*median,selector_configuration,extra_trees,threshold=1.25*median,,raw,random_forest,unscaled_dense,0.5260755790897929,0.037227834239305695,0.4338709677419355,0.559043088333411,0.6235994331601322,14.0,9.8,0.2895185751993267,5,1
7,direct,SEL_06,raw__corrected_fdr__q<=0.05,selector_configuration,corrected_fdr,q<=0.05,,raw,catboost,native,0.5099065933078663,0.020293717723696595,0.4272177419354839,0.5425800361526169,0.6181199811053377,24.8,18.6,0.3263855249992048,5,2
7,stage_1,ENG_03,engineering__INT_DURATION_X_MOTOR,engineered_representation,none,all,INT_DURATION_X_MOTOR,interaction,rbf_svc,scaled_dense,0.6910666190615691,0.026694818840668384,0.6782608695652174,0.7065950812472551,0.7170429853566367,47.8,27.0,0.066007007999724,5,1
7,stage_1,ENG_03,engineering__INT_DURATION_X_MOTOR,engineered_representation,none,all,INT_DURATION_X_MOTOR,interaction,hist_gradient_boosting,scaled_dense,0.7001062369008986,0.03237483039363197,0.6260869565217392,0.705578831796223,0.7348323098724611,47.8,27.0,0.563170116800029,5,2
7,stage_2,ENG_05,engineering__PCA_PART_I_PATIENT_3_80,engineered_representation,none,all,PCA_PART_I_PATIENT_3_80,pca,random_forest,scaled_dense,0.6667746375853041,0.060566464708858014,0.8175403225806452,0.6625796850998464,0.7217391304347827,45.2,27.0,0.2631017913998221,5,1
7,stage_2,ENG_06,engineering__PCA_PART_I_PATIENT_3_90,engineered_representation,none,all,PCA_PART_I_PATIENT_3_90,pca,random_forest,scaled_dense,0.6584274639476382,0.047043929613953046,0.8050403225806452,0.6558534946236559,0.7130434782608696,46.0,27.0,0.2683089420002943,5,2
8,direct,ENG_03,engineering__INT_DURATION_X_MOTOR,engineered_representation,none,all,INT_DURATION_X_MOTOR,interaction,extra_trees,scaled_dense,0.532434714836092,0.01881840387410009,0.37056451612903224,0.5720871619420007,0.645602267359471,47.0,27.0,0.17980858299997635,5,1
8,direct,ENG_03,engineering__INT_DURATION_X_MOTOR,engineered_representation,none,all,INT_DURATION_X_MOTOR,interaction,catboost,scaled_dense,0.5160738549265932,0.026256303721178292,0.4332661290322581,0.5455937601824699,0.6208313651393482,47.0,27.0,0.21580519180060947,5,2
8,stage_1,SEL_06,raw__corrected_fdr__q<=0.05,selector_configuration,corrected_fdr,q<=0.05,,raw,random_forest,unscaled_dense,0.7004743623930624,0.034362039814457415,0.656749922910885,0.710960820041301,0.7307699574870099,28.4,19.4,0.29368957499900716,5,1
8,stage_1,ENG_01,engineering__INT_GAIT_X_POSTURAL_STABILITY,engineered_representation,none,all,INT_GAIT_X_POSTURAL_STABILITY,interaction,extra_trees,scaled_dense,0.6995139513295265,0.030144213212139375,0.6566533045533971,0.709892308842355,0.7294000944733112,47.0,27.0,0.17108661680176737,5,2
8,stage_2,SEL_08,raw__extra_trees__threshold=1.25*median,selector_configuration,extra_trees,threshold=1.25*median,,raw,linear_svc,scaled_dense,0.6822004381277779,0.05276388815462313,0.7915322580645161,0.6843375576036866,0.7259327782917052,18.8,10.0,0.16805794980100472,5,1
8,stage_2,SEL_08,raw__extra_trees__threshold=1.25*median,selector_configuration,extra_trees,threshold=1.25*median,,raw,random_forest,unscaled_dense,0.68113354825399,0.04798845960049631,0.7915322580645161,0.684813748079877,0.7259327782917052,18.8,10.0,0.22592324179931894,5,2
9,direct,ENG_05,engineering__PCA_PART_I_PATIENT_3_80,engineered_representation,none,all,PCA_PART_I_PATIENT_3_80,pca,catboost,scaled_dense,0.5291734283665868,0.06241589270440117,0.4397177419354839,0.5579482420208227,0.6264241851676902,45.8,27.0,0.2309959081998386,5,1
9,direct,ENG_05,engineering__PCA_PART_I_PATIENT_3_80,engineered_representation,none,all,PCA_PART_I_PATIENT_3_80,pca,rbf_svc,scaled_dense,0.514967019220957,0.07071213099411451,0.5334677419354839,0.5424728932954739,0.6085970713273501,45.8,27.0,0.06461706639965996,5,2
9,stage_1,SEL_03,raw__l1__C=0.1,selector_configuration,l1,C=0.1,,raw,logistic,scaled_dense,0.6791901628823951,0.027776518487064777,0.6521739130434783,0.6926425120772948,0.7074822862541332,20.4,13.8,0.04571073340048315,5,1
9,stage_1,SEL_03,raw__l1__C=0.1,selector_configuration,l1,C=0.1,,raw,linear_svc,scaled_dense,0.6777967179137729,0.03653446563832215,0.6347826086956522,0.6889569609134826,0.7088521492678319,20.4,13.8,0.05525730820008903,5,2
9,stage_2,SEL_08,raw__extra_trees__threshold=1.25*median,selector_configuration,extra_trees,threshold=1.25*median,,raw,logistic,scaled_dense,0.7158120238368785,0.12156707394069553,0.7659274193548387,0.7291541858678955,0.7434782608695653,17.0,9.4,0.09947890820039902,5,1
9,stage_2,SEL_06,raw__corrected_fdr__q<=0.05,selector_configuration,corrected_fdr,q<=0.05,,raw,extra_trees,unscaled_dense,0.702701806390331,0.07308359275892479,0.7663306451612903,0.7145938940092166,0.7347826086956522,17.0,13.2,0.3107416999999259,5,2
10,direct,SEL_07,raw__extra_trees__threshold=median,selector_configuration,extra_trees,threshold=median,,raw,random_forest,unscaled_dense,0.5221958207273387,0.05788922272549345,0.3461693548387097,0.5692079667644184,0.6276806802078413,22.8,13.0,0.27768385840026893,5,1
10,direct,SEL_07,raw__extra_trees__threshold=median,selector_configuration,extra_trees,threshold=median,,raw,catboost,native,0.5062664719784411,0.05151943131369766,0.3836693548387097,0.5530393760958277,0.6016627302786963,22.8,13.0,0.22608534159953705,5,2
10,stage_1,SEL_07,raw__extra_trees__threshold=median,selector_configuration,extra_trees,threshold=median,,raw,extra_trees,unscaled_dense,0.6833253489269223,0.01109286087828225,0.6478260869565218,0.6954382960035134,0.712914501653283,19.6,13.0,0.23246726659999695,5,1
10,stage_1,SEL_07,raw__extra_trees__threshold=median,selector_configuration,extra_trees,threshold=median,,raw,logistic,scaled_dense,0.6725963559927379,0.03289579926416102,0.6391304347826087,0.6850399648660519,0.7018989135569201,19.6,13.0,0.09596314180016634,5,2
10,stage_2,SEL_08,raw__extra_trees__threshold=1.25*median,selector_configuration,extra_trees,threshold=1.25*median,,raw,random_forest,unscaled_dense,0.6887092385761984,0.06650810515591449,0.7542338709677419,0.7009264592933947,0.7217391304347827,17.6,9.0,0.22336755840005934,5,1
10,stage_2,SEL_05,raw__none__all,selector_configuration,none,all,,raw,extra_trees,unscaled_dense,0.6765814849414745,0.08048013293701733,0.7360887096774194,0.6909014976958525,0.7086956521739131,46.0,26.0,0.14315779179960372,5,2
11,direct,ENG_06,engineering__PCA_PART_I_PATIENT_3_90,engineered_representation,none,all,PCA_PART_I_PATIENT_3_90,pca,rbf_svc,scaled_dense,0.5094474393005346,0.05743022614670161,0.4217741935483871,0.5301863954444599,0.6415210203117618,46.8,27.0,0.071411475000059,5,1
11,direct,ENG_02,engineering__INT_MOTOR_X_COGNITION,engineered_representation,none,all,INT_MOTOR_X_COGNITION,interaction,rbf_svc,scaled_dense,0.5188897259314992,0.04138756030423483,0.4155241935483871,0.5386427446508092,0.6456211620217289,47.8,27.0,0.05947000839951215,5,2
11,stage_1,SEL_06,raw__corrected_fdr__q<=0.05,selector_configuration,corrected_fdr,q<=0.05,,raw,rbf_svc,scaled_dense,0.6964154494107342,0.027436338337249844,0.6482433960324803,0.7067378596324018,0.7280113367973547,27.8,19.6,0.1535327249992406,5,1
11,stage_1,ENG_05,engineering__PCA_PART_I_PATIENT_3_80,engineered_representation,none,all,PCA_PART_I_PATIENT_3_80,pca,rbf_svc,scaled_dense,0.6943852408868314,0.023929573741917412,0.6395395210196321,0.7033657201057756,0.7266698157770429,45.8,27.0,0.06139947460033,5,2
11,stage_2,ENG_06,engineering__PCA_PART_I_PATIENT_3_90,engineered_representation,none,all,PCA_PART_I_PATIENT_3_90,pca,extra_trees,scaled_dense,0.6330544463306993,0.06482477448175415,0.7219758064516129,0.6424164746543779,0.6733682803988077,45.8,27.0,0.13388062519952654,5,1
11,stage_2,ENG_07,engineering__PCA_PART_I_PATIENT_3_95,engineered_representation,none,all,PCA_PART_I_PATIENT_3_95,pca,extra_trees,scaled_dense,0.6330544463306993,0.06482477448175415,0.7219758064516129,0.6424164746543779,0.6733682803988077,45.8,27.0,0.1350400000002992,5,2
12,direct,SEL_02,raw__corrected_fdr__q<=0.05,selector_configuration,corrected_fdr,q<=0.05,,raw,catboost,native,0.5318858468117323,0.06999189126941925,0.4403225806451613,0.5638920386662323,0.6317902692489372,25.2,18.6,0.34875495840024084,5,1
12,direct,SEL_07,raw__extra_trees__threshold=median,selector_configuration,extra_trees,threshold=median,,raw,catboost,native,0.5252753938684409,0.1028944334854975,0.4215725806451613,0.5665684455926392,0.6124232404345772,21.0,13.0,0.21187993339917738,5,2
12,stage_1,ENG_06,engineering__PCA_PART_I_PATIENT_3_90,engineered_representation,none,all,PCA_PART_I_PATIENT_3_90,pca,catboost,scaled_dense,0.6981725527341931,0.06142752141215944,0.6043478260869566,0.7007395696091347,0.7362871988663202,46.8,27.0,0.17360592480035847,5,1
12,stage_1,ENG_07,engineering__PCA_PART_I_PATIENT_3_95,engineered_representation,none,all,PCA_PART_I_PATIENT_3_95,pca,catboost,scaled_dense,0.6981725527341931,0.06142752141215944,0.6043478260869566,0.7007395696091347,0.7362871988663202,46.8,27.0,0.15074202499963577,5,2
12,stage_2,SEL_06,raw__corrected_fdr__q<=0.05,selector_configuration,corrected_fdr,q<=0.05,,raw,random_forest,unscaled_dense,0.6887392112689266,0.09569317029411946,0.7858870967741935,0.6948483102918587,0.7304347826086957,15.8,12.0,0.3711901251997915,5,1
12,stage_2,SEL_06,raw__corrected_fdr__q<=0.05,selector_configuration,corrected_fdr,q<=0.05,,raw,catboost,native,0.6756190081711428,0.09177886306134424,0.8110887096774194,0.6784014976958526,0.7304347826086957,15.8,12.0,0.27605667499956327,5,2
13,direct,ENG_01,engineering__INT_GAIT_X_POSTURAL_STABILITY,engineered_representation,none,all,INT_GAIT_X_POSTURAL_STABILITY,interaction,random_forest,scaled_dense,0.5299419816050635,0.02457156518316839,0.3522177419354839,0.5559417485143292,0.6538592347661786,47.8,27.0,0.2787883748002059,5,1
13,direct,ENG_01,engineering__INT_GAIT_X_POSTURAL_STABILITY,engineered_representation,none,all,INT_GAIT_X_POSTURAL_STABILITY,interaction,catboost,scaled_dense,0.5144409767841702,0.022082884407685813,0.4086693548387097,0.5469186449750966,0.6181105337742088,47.8,27.0,0.20158215839983312,5,2
13,stage_1,SEL_03,raw__l1__C=0.1,selector_configuration,l1,C=0.1,,raw,random_forest,unscaled_dense,0.7084841713026566,0.03773330251812913,0.6522849213691027,0.7166980162401069,0.7403778932451581,19.8,13.2,0.7364311167999403,5,1
13,stage_1,SEL_03,raw__l1__C=0.1,selector_configuration,l1,C=0.1,,raw,logistic,scaled_dense,0.6959735126142121,0.032505873146599897,0.6608880666049954,0.7080399928984573,0.7252716107699575,19.8,13.2,0.4607122749999689,5,2
13,stage_2,SEL_06,raw__corrected_fdr__q<=0.05,selector_configuration,corrected_fdr,q<=0.05,,raw,random_forest,unscaled_dense,0.6694634632293704,0.023230584965258802,0.7616935483870968,0.6765610599078341,0.7090204543118512,16.8,13.0,0.348878541400336,5,1
13,stage_2,SEL_06,raw__corrected_fdr__q<=0.05,selector_configuration,corrected_fdr,q<=0.05,,raw,extra_trees,unscaled_dense,0.6712169313745926,0.06096625754168117,0.6987903225806452,0.6936808755760369,0.6956994552369206,16.8,13.0,0.32305509159996293,5,2
14,direct,SEL_02,raw__corrected_fdr__q<=0.05,selector_configuration,corrected_fdr,q<=0.05,,raw,catboost,native,0.5318266297349293,0.05029499738238917,0.4151209677419355,0.5717425832829058,0.6305432215399149,26.0,19.0,0.3104047665990947,5,1
14,direct,SEL_03,raw__l1__C=0.1,selector_configuration,l1,C=0.1,,raw,random_forest,unscaled_dense,0.5248713426223905,0.053877600125188545,0.3461693548387097,0.5567038782603299,0.6401794992914501,35.0,21.6,0.27168800860090414,5,2
14,stage_1,SEL_06,raw__corrected_fdr__q<=0.05,selector_configuration,corrected_fdr,q<=0.05,,raw,extra_trees,unscaled_dense,0.6852120351159944,0.030147027889526768,0.6392537773666358,0.6951521412085704,0.7156542276806802,26.6,19.2,0.25783610819999014,5,1
14,stage_1,SEL_07,raw__extra_trees__threshold=median,selector_configuration,extra_trees,threshold=median,,raw,logistic,scaled_dense,0.6778507096736022,0.027310978192339984,0.630364888477747,0.687697595754025,0.7087860179499291,18.0,13.0,0.09728742499864892,5,2
14,stage_2,SEL_07,raw__extra_trees__threshold=median,selector_configuration,extra_trees,threshold=median,,raw,xgboost,native,0.7111327741564646,0.07288493702083731,0.792741935483871,0.7220852534562212,0.7482475074519478,24.2,13.0,0.19540653320073034,5,1
14,stage_2,SEL_07,raw__extra_trees__threshold=median,selector_configuration,extra_trees,threshold=median,,raw,catboost,native,0.6817985081885795,0.07116731159853759,0.8054435483870968,0.6860551075268818,0.7308520916846541,24.2,13.0,0.16110634959986783,5,2
15,direct,SEL_08,raw__extra_trees__threshold=1.25*median,selector_configuration,extra_trees,threshold=1.25*median,,raw,random_forest,unscaled_dense,0.5055089395087728,0.05346266694988371,0.3592741935483871,0.5362227109807756,0.6125932923948985,13.4,9.2,0.3371134916000301,5,1
15,direct,SEL_08,raw__extra_trees__threshold=1.25*median,selector_configuration,extra_trees,threshold=1.25*median,,raw,extra_trees,unscaled_dense,0.5115373447460445,0.03894498882135777,0.3336693548387097,0.5626218676783192,0.6290694378837978,13.4,9.2,0.2584357499996258,5,2
15,stage_1,SEL_07,raw__extra_trees__threshold=median,selector_configuration,extra_trees,threshold=median,,raw,logistic,scaled_dense,0.6780953185795938,0.053633634731124466,0.6478260869565218,0.6913675889328064,0.7074633915918753,18.8,13.0,0.1036506667995127,5,1
15,stage_1,SEL_03,raw__l1__C=0.1,selector_configuration,l1,C=0.1,,raw,logistic,scaled_dense,0.6817881419143688,0.05575274285954733,0.6478260869565218,0.6943372859025032,0.7115446386395843,20.6,14.6,0.051079075201414526,5,2
15,stage_2,SEL_07,raw__extra_trees__threshold=median,selector_configuration,extra_trees,threshold=median,,raw,logistic,scaled_dense,0.6828948374419334,0.0874317496591951,0.7548387096774194,0.6936098310291858,0.717391304347826,26.0,13.0,0.08653685879980913,5,1
15,stage_2,SEL_07,raw__extra_trees__threshold=median,selector_configuration,extra_trees,threshold=median,,raw,lightgbm,native,0.6650948470153104,0.03581978494692254,0.798991935483871,0.6671150153609832,0.717391304347826,26.0,13.0,0.20858355020027375,5,2
16,direct,SEL_06,raw__corrected_fdr__q<=0.05,selector_configuration,corrected_fdr,q<=0.05,,raw,random_forest,unscaled_dense,0.5172351064834226,0.06386295064791138,0.3715725806451613,0.5499825870067806,0.6402645252716107,24.2,18.0,0.39112490819970847,5,1
16,direct,SEL_06,raw__corrected_fdr__q<=0.05,selector_configuration,corrected_fdr,q<=0.05,,raw,rbf_svc,scaled_dense,0.5066274317815884,0.08210109245468275,0.4461693548387097,0.5400506796071312,0.6182900330656589,24.2,18.0,0.2171021082009247,5,2
16,stage_1,ENG_05,engineering__PCA_PART_I_PATIENT_3_80,engineered_representation,none,all,PCA_PART_I_PATIENT_3_80,pca,rbf_svc,scaled_dense,0.6925812618232831,0.06531507883190583,0.6695652173913044,0.7063684672815108,0.7198866320264525,45.0,27.0,0.06003899140050635,5,1
16,stage_1,SEL_06,raw__corrected_fdr__q<=0.05,selector_configuration,corrected_fdr,q<=0.05,,raw,rbf_svc,scaled_dense,0.6968253641801334,0.06953687014644125,0.6652173913043479,0.7082248572683355,0.7240245630609353,23.4,18.0,0.13168974979998893,5,2
16,stage_2,SEL_03,raw__l1__C=0.1,selector_configuration,l1,C=0.1,,raw,logistic,scaled_dense,0.6692233940282942,0.06372754913800438,0.7233870967741935,0.685979262672811,0.7,7.6,5.0,0.03925286680096178,5,1
16,stage_2,SEL_03,raw__l1__C=0.1,selector_configuration,l1,C=0.1,,raw,linear_svc,scaled_dense,0.6692233940282942,0.06372754913800438,0.7233870967741935,0.685979262672811,0.7,7.6,5.0,0.047916983400500615,5,2
17,direct,SEL_05,raw__none__all,selector_configuration,none,all,,raw,random_forest,unscaled_dense,0.5301370034277376,0.054064551331632064,0.33891129032258066,0.5497015508386476,0.6552290977798771,46.8,26.0,0.28276831680050235,5,1
17,direct,SEL_06,raw__corrected_fdr__q<=0.05,selector_configuration,corrected_fdr,q<=0.05,,raw,catboost,native,0.5062234370066531,0.038129057366675066,0.3524193548387097,0.5361503669568186,0.6209163911195088,25.2,18.6,0.3243173495997326,5,2
17,stage_1,SEL_01,raw__none__all,selector_configuration,none,all,,raw,logistic,scaled_dense,0.6985233279991925,0.03184886017659577,0.6565217391304348,0.7087558190601669,0.7280302314596127,46.8,26.0,0.04508058299907134,5,1
17,stage_1,SEL_01,raw__none__all,selector_configuration,none,all,,raw,random_forest,unscaled_dense,0.702806316102364,0.012953747389452545,0.6043478260869566,0.7047597716293368,0.7417760982522437,46.8,26.0,0.2757738915992377,5,2
17,stage_2,SEL_08,raw__extra_trees__threshold=1.25*median,selector_configuration,extra_trees,threshold=1.25*median,,raw,random_forest,unscaled_dense,0.6808047963345516,0.08942620050730797,0.7796370967741936,0.6864852150537635,0.7217391304347827,16.6,10.2,0.22150412499904631,5,1
17,stage_2,SEL_07,raw__extra_trees__threshold=median,selector_configuration,extra_trees,threshold=median,,raw,rbf_svc,scaled_dense,0.6796940854953025,0.06548645630156429,0.7419354838709677,0.6957296466973887,0.7130434782608696,23.4,13.0,0.13151920000018436,5,2
18,direct,SEL_07,raw__extra_trees__threshold=median,selector_configuration,extra_trees,threshold=median,,raw,random_forest,unscaled_dense,0.5331144822565486,0.06415857871446487,0.3588709677419355,0.5743191826095051,0.6387718469532357,21.8,13.0,0.2779562167990662,5,1
18,direct,SEL_07,raw__extra_trees__threshold=median,selector_configuration,extra_trees,threshold=median,,raw,catboost,native,0.5114387042145764,0.06413927938598424,0.4278225806451613,0.5490202252944189,0.6058290033065659,21.8,13.0,0.20228314160049193,5,2
18,stage_1,SEL_08,raw__extra_trees__threshold=1.25*median,selector_configuration,extra_trees,threshold=1.25*median,,raw,logistic,scaled_dense,0.6804912997074866,0.019278244857923628,0.6434782608695653,0.6921734738691261,0.7101464336324989,15.8,10.8,0.10634387499958393,5,1
18,stage_1,SEL_08,raw__extra_trees__threshold=1.25*median,selector_configuration,extra_trees,threshold=1.25*median,,raw,extra_trees,unscaled_dense,0.6772363833213146,0.03312558531186848,0.6391304347826087,0.6889894598155467,0.7074161549362306,15.8,10.8,0.23266878340000402,5,2
18,stage_2,SEL_07,raw__extra_trees__threshold=median,selector_configuration,extra_trees,threshold=median,,raw,hist_gradient_boosting,native,0.6704267008426752,0.05511036709028918,0.7737903225806452,0.6754665898617511,0.7130434782608696,26.2,13.0,0.2873203256000124,5,1
18,stage_2,SEL_07,raw__extra_trees__threshold=median,selector_configuration,extra_trees,threshold=median,,raw,random_forest,unscaled_dense,0.6673345440180506,0.09833390976537071,0.767741935483871,0.6738709677419354,0.7086956521739131,26.2,13.0,0.2512588500001584,5,2
19,direct,SEL_06,raw__corrected_fdr__q<=0.05,selector_configuration,corrected_fdr,q<=0.05,,raw,linear_svc,scaled_dense,0.5009344462670416,0.07211582870590034,0.26411290322580644,0.5154796738506416,0.6648086915446386,25.4,18.8,0.36976529139938064,5,1
19,direct,SEL_06,raw__corrected_fdr__q<=0.05,selector_configuration,corrected_fdr,q<=0.05,,raw,catboost,native,0.4891297622848594,0.053035658944629,0.4457661290322581,0.5168580699467796,0.6070760510155881,25.4,18.8,0.37606059160025324,5,2
19,stage_1,SEL_08,raw__extra_trees__threshold=1.25*median,selector_configuration,extra_trees,threshold=1.25*median,,raw,logistic,scaled_dense,0.6707248574892207,0.0500148879029573,0.6516250385445576,0.6853074687672283,0.6978082191780822,14.2,10.2,0.10206121659939527,5,1
19,stage_1,SEL_08,raw__extra_trees__threshold=1.25*median,selector_configuration,extra_trees,threshold=1.25*median,,raw,linear_svc,scaled_dense,0.6761144696482034,0.04790428369035698,0.647277212457601,0.689143656733851,0.7046669815777042,14.2,10.2,0.18060005820007063,5,2
19,stage_2,SEL_03,raw__l1__C=0.1,selector_configuration,l1,C=0.1,,raw,linear_svc,scaled_dense,0.6577222394463773,0.06674428437341041,0.7483870967741936,0.6680030721966206,0.6995724123753726,5.4,3.6,0.04299669960091705,5,1
19,stage_2,SEL_03,raw__l1__C=0.1,selector_configuration,l1,C=0.1,,raw,logistic,scaled_dense,0.6601786536961214,0.07023511451532179,0.7421370967741936,0.6720209293394778,0.6996690307328606,5.4,3.6,0.04418676639979822,5,2
